Year,SOIL_DATE,Plot,Core,Depth,SLSND,SLSLT,SLCLY,SLSND2,SLSLT2,SLCLY2,UTMX,UTMY
2016,2016-05-01,101,2016-p01-1,20,56.3,22.3,21.4,67.7,24.1,8.3,408957.2933,3660542.702
2016,2016-05-01,101,2016-p01-1,60,51.9,22.6,25.4,61.6,26.5,11.9,408957.2933,3660542.702
2016,2016-05-01,101,2016-p01-1,100,42.6,32.0,25.4,53.6,36.3,10.1,408957.2933,3660542.702
2016,2016-05-01,101,2016-p01-1,140,42.5,38.4,19.2,50.8,41.2,8.0,408957.2933,3660542.702
2016,2016-05-01,101,2016-p01-1,180,71.2,13.0,15.8,80.0,13.9,6.1,408957.2933,3660542.702
2016,2016-05-01,102,2016-p01-2,20,50.2,19.7,30.2,60.7,20.2,19.1,408956.6913,3660502.699
2016,2016-05-01,102,2016-p01-2,60,56.5,14.3,29.2,63.7,17.9,18.4,408956.6913,3660502.699
2016,2016-05-01,102,2016-p01-2,100,57.2,23.7,19.2,65.5,25.8,8.7,408956.6913,3660502.699
2016,2016-05-01,102,2016-p01-2,140,69.8,14.3,15.9,77.9,15.8,6.4,408956.6913,3660502.699
2016,2016-05-01,102,2016-p01-2,180,67.5,10.3,22.2,73.9,15.6,10.5,408956.6913,3660502.699
2016,2016-05-01,103,2016-p01-3,20,56.4,21.4,22.2,64.9,23.4,11.8,408956.0844,3660462.697
2016,2016-05-01,103,2016-p01-3,60,55.7,21.0,23.2,63.2,23.7,13.1,408956.0844,3660462.697
2016,2016-05-01,103,2016-p01-3,100,60.2,15.7,24.2,67.6,19.9,12.5,408956.0844,3660462.697
2016,2016-05-01,103,2016-p01-3,140,70.1,17.7,12.2,80.0,14.0,6.0,408956.0844,3660462.697
2016,2016-05-01,103,2016-p01-3,180,65.1,15.0,19.9,71.7,16.5,11.7,408956.0844,3660462.697
2016,2016-05-01,104,2016-p01-4,20,68.1,15.0,16.9,76.8,13.9,9.3,408955.4959,3660422.694
2016,2016-05-01,104,2016-p01-4,60,56.5,20.7,22.9,65.3,23.1,11.5,408955.4959,3660422.694
2016,2016-05-01,104,2016-p01-4,100,48.1,17.0,34.9,56.2,26.5,17.3,408955.4959,3660422.694
2016,2016-05-01,104,2016-p01-4,140,63.1,19.6,17.2,73.4,18.6,8.0,408955.4959,3660422.694
2016,2016-05-01,104,2016-p01-4,180,51.7,23.0,25.2,59.0,25.3,15.6,408955.4959,3660422.694
2016,2016-05-01,201,2016-p02-1,20,52.5,16.4,31.2,59.5,21.1,19.4,408943.0588,3660542.919
2016,2016-05-01,201,2016-p02-1,60,45.1,25.0,29.9,53.2,28.1,18.8,408943.0588,3660542.919
2016,2016-05-01,201,2016-p02-1,100,48.8,26.3,24.9,57.8,29.9,12.3,408943.0588,3660542.919
2016,2016-05-01,201,2016-p02-1,140,55.2,21.7,23.2,64.4,24.3,11.3,408943.0588,3660542.919
2016,2016-05-01,201,2016-p02-1,180,46.2,26.7,27.2,56.4,29.4,14.2,408943.0588,3660542.919
2016,2016-05-01,202,2016-p02-2,20,56.1,18.7,25.2,65.3,20.3,14.4,408942.4852,3660502.915
2016,2016-05-01,202,2016-p02-2,60,55.8,21.4,22.8,65.2,19.8,15.0,408942.4852,3660502.915
2016,2016-05-01,202,2016-p02-2,100,60.1,19.0,20.9,68.6,19.6,11.8,408942.4852,3660502.915
2016,2016-05-01,202,2016-p02-2,140,64.1,18.0,17.9,71.7,20.3,8.0,408942.4852,3660502.915
2016,2016-05-01,202,2016-p02-2,180,75.4,7.3,17.2,84.0,8.9,7.1,408942.4852,3660502.915
2016,2016-05-01,203,2016-p02-3,20,51.4,19.3,29.2,59.6,22.6,17.8,408941.8466,3660462.9129999997
2016,2016-05-01,203,2016-p02-3,60,59.5,23.7,16.9,69.1,22.0,8.9,408941.8466,3660462.9129999997
2016,2016-05-01,203,2016-p02-3,100,48.5,26.7,24.9,56.0,31.1,12.9,408941.8466,3660462.9129999997
2016,2016-05-01,203,2016-p02-3,140,62.5,17.3,20.2,71.5,19.9,8.6,408941.8466,3660462.9129999997
2016,2016-05-01,203,2016-p02-3,180,76.5,10.7,12.9,83.0,12.2,4.8,408941.8466,3660462.9129999997
2016,2016-05-01,204,2016-p02-4,20,58.5,15.4,26.2,68.4,15.8,15.8,408941.2743,3660422.91
2016,2016-05-01,204,2016-p02-4,60,45.8,24.7,29.5,53.4,31.4,15.1,408941.2743,3660422.91
2016,2016-05-01,204,2016-p02-4,100,55.1,19.4,25.5,63.4,24.8,11.8,408941.2743,3660422.91
2016,2016-05-01,204,2016-p02-4,140,51.5,15.0,33.5,58.8,22.7,18.5,408941.2743,3660422.91
2016,2016-05-01,204,2016-p02-4,180,46.1,25.7,28.2,56.4,29.0,14.5,408941.2743,3660422.91
2016,2016-05-01,301,2016-p03-1,20,51.1,18.0,30.9,60.7,19.8,19.5,408928.8556,3660543.135
2016,2016-05-01,301,2016-p03-1,60,60.5,16.7,22.9,69.5,18.5,12.1,408928.8556,3660543.135
2016,2016-05-01,301,2016-p03-1,100,51.1,27.0,21.9,60.7,30.4,8.9,408928.8556,3660543.135
2016,2016-05-01,301,2016-p03-1,140,33.1,36.7,30.2,41.6,41.1,17.3,408928.8556,3660543.135
2016,2016-05-01,301,2016-p03-1,180,59.5,15.7,24.8,68.5,16.2,15.3,408928.8556,3660543.135
2016,2016-05-01,302,2016-p03-2,20,56.6,13.0,30.4,65.7,15.8,18.5,408928.253,3660503.132
2016,2016-05-01,302,2016-p03-2,60,57.6,12.0,30.4,66.7,13.1,20.2,408928.253,3660503.132
2016,2016-05-01,302,2016-p03-2,100,56.6,14.0,29.4,64.7,18.7,16.7,408928.253,3660503.132
2016,2016-05-01,302,2016-p03-2,140,69.2,15.0,15.8,79.0,17.2,3.8,408928.253,3660503.132
2016,2016-05-01,302,2016-p03-2,180,67.8,14.1,18.2,76.8,16.2,7.0,408928.253,3660503.132
2016,2016-05-01,303,2016-p03-3,20,53.5,15.3,31.2,63.5,17.0,19.5,408927.6437,3660463.129
2016,2016-05-01,303,2016-p03-3,60,58.8,20.3,20.9,67.5,23.4,9.0,408927.6437,3660463.129
2016,2016-05-01,303,2016-p03-3,100,53.9,20.7,25.4,63.5,24.7,11.9,408927.6437,3660463.129
2016,2016-05-01,303,2016-p03-3,140,69.9,16.7,13.4,80.0,15.7,4.3,408927.6437,3660463.129
2016,2016-05-01,303,2016-p03-3,180,72.3,13.3,14.4,81.3,12.5,6.3,408927.6437,3660463.129
2016,2016-05-01,304,2016-p03-4,20,57.8,13.3,28.9,63.7,22.9,13.4,408927.0353,3660423.126
2016,2016-05-01,304,2016-p03-4,60,62.5,20.7,16.9,69.5,21.0,9.4,408927.0353,3660423.126
2016,2016-05-01,304,2016-p03-4,100,62.1,21.0,16.9,67.8,22.8,9.4,408927.0353,3660423.126
2016,2016-05-01,304,2016-p03-4,140,67.8,11.3,20.9,75.8,14.4,9.7,408927.0353,3660423.126
2016,2016-05-01,304,2016-p03-4,180,59.1,20.0,20.9,69.2,21.8,9.0,408927.0353,3660423.126
2016,2016-05-01,401,2016-p04-1,20,56.2,21.6,22.2,66.5,23.6,10.0,408914.3534,3660543.355
2016,2016-05-01,401,2016-p04-1,60,51.2,14.3,34.5,60.5,19.4,20.1,408914.3534,3660543.355
2016,2016-05-01,401,2016-p04-1,100,48.5,23.3,28.2,57.9,29.3,12.7,408914.3534,3660543.355
2016,2016-05-01,401,2016-p04-1,140,58.8,14.0,27.2,67.6,17.7,14.6,408914.3534,3660543.355
2016,2016-05-01,401,2016-p04-1,180,75.2,12.7,12.2,84.0,12.2,3.8,408914.3534,3660543.355
2016,2016-05-01,402,2016-p04-2,20,48.5,19.7,31.8,58.4,19.5,22.1,408913.7599,3660503.352
2016,2016-05-01,402,2016-p04-2,60,63.2,15.0,21.8,71.7,16.6,11.7,408913.7599,3660503.352
2016,2016-05-01,402,2016-p04-2,100,57.8,18.3,23.9,65.7,23.4,10.9,408913.7599,3660503.352
2016,2016-05-01,402,2016-p04-2,140,74.1,14.0,11.9,82.9,14.0,3.1,408913.7599,3660503.352
2016,2016-05-01,402,2016-p04-2,180,78.5,8.7,12.9,86.0,10.2,3.8,408913.7599,3660503.352
2016,2016-05-01,403,2016-p04-3,20,52.5,14.7,32.9,59.2,19.8,21.0,408913.1438,3660463.35
2016,2016-05-01,403,2016-p04-3,60,57.5,21.4,21.2,68.0,21.7,10.3,408913.1438,3660463.35
2016,2016-05-01,403,2016-p04-3,100,55.8,23.1,21.2,64.6,27.5,7.8,408913.1438,3660463.35
2016,2016-05-01,403,2016-p04-3,140,72.8,15.1,12.2,83.9,12.3,3.8,408913.1438,3660463.35
2016,2016-05-01,403,2016-p04-3,180,78.5,11.4,10.2,89.1,8.1,2.8,408913.1438,3660463.35
2016,2016-05-01,404,2016-p04-4,20,51.1,20.0,28.9,60.7,22.1,17.1,408912.5287,3660423.347
2016,2016-05-01,404,2016-p04-4,60,57.1,22.0,20.9,67.1,22.5,10.5,408912.5287,3660423.347
2016,2016-05-01,404,2016-p04-4,100,55.8,19.3,24.9,61.6,26.4,12.0,408912.5287,3660423.347
2016,2016-05-01,404,2016-p04-4,140,70.5,10.7,18.9,77.8,12.2,10.0,408912.5287,3660423.347
2016,2016-05-01,404,2016-p04-4,180,51.8,20.3,27.9,57.6,26.9,15.5,408912.5287,3660423.347
2016,2016-05-01,501,2016-p05-1,20,47.8,23.4,28.8,57.3,26.1,16.6,408859.2529,3660544.193
2016,2016-05-01,501,2016-p05-1,60,57.5,16.3,26.2,67.4,18.0,14.7,408859.2529,3660544.193
2016,2016-05-01,501,2016-p05-1,100,59.5,23.3,17.2,69.5,24.6,5.9,408859.2529,3660544.193
2016,2016-05-01,501,2016-p05-1,140,56.2,23.7,20.2,65.4,26.0,8.5,408859.2529,3660544.193
2016,2016-05-01,501,2016-p05-1,180,65.2,15.7,19.2,74.8,14.5,10.7,408859.2529,3660544.193
2016,2016-05-01,502,2016-p05-2,20,51.5,22.3,26.2,60.4,23.8,15.8,408858.6465999999,3660504.19
2016,2016-05-01,502,2016-p05-2,60,61.9,16.3,21.8,72.7,15.5,11.7,408858.6465999999,3660504.19
2016,2016-05-01,502,2016-p05-2,100,69.5,13.7,16.8,80.0,12.1,7.8,408858.6465999999,3660504.19
2016,2016-05-01,502,2016-p05-2,140,69.1,16.0,14.9,79.9,14.5,5.6,408858.6465999999,3660504.19
2016,2016-05-01,502,2016-p05-2,180,57.5,22.6,19.9,68.3,24.4,7.3,408858.6465999999,3660504.19
2016,2016-05-01,503,2016-p05-3,20,51.1,19.0,29.9,61.1,20.1,18.8,408858.0344,3660464.188
2016,2016-05-01,503,2016-p05-3,60,56.8,16.3,26.9,66.5,17.3,16.2,408858.0344,3660464.188
2016,2016-05-01,503,2016-p05-3,100,52.2,17.6,30.2,60.5,22.8,16.7,408858.0344,3660464.188
2016,2016-05-01,503,2016-p05-3,140,55.9,21.0,23.2,65.5,25.0,9.6,408858.0344,3660464.188
2016,2016-05-01,503,2016-p05-3,180,67.5,17.3,15.2,77.0,17.9,5.1,408858.0344,3660464.188
2016,2016-05-01,504,2016-p05-4,20,55.2,20.0,24.8,66.4,20.7,13.0,408857.4408,3660424.185
2016,2016-05-01,504,2016-p05-4,60,65.9,14.7,19.4,76.9,12.5,10.6,408857.4408,3660424.185
2016,2016-05-01,504,2016-p05-4,100,71.5,10.7,17.8,82.1,10.3,7.5,408857.4408,3660424.185
2016,2016-05-01,504,2016-p05-4,140,69.2,12.0,18.8,79.0,13.2,7.8,408857.4408,3660424.185
2016,2016-05-01,504,2016-p05-4,180,69.9,17.3,12.8,79.0,17.9,3.1,408857.4408,3660424.185
2016,2016-05-01,601,2016-p06-1,20,50.8,18.3,30.9,61.9,21.3,16.8,408845.0346,3660544.409
2016,2016-05-01,601,2016-p06-1,60,52.8,23.3,23.9,64.0,22.8,13.2,408845.0346,3660544.409
2016,2016-05-01,601,2016-p06-1,100,55.8,20.4,23.9,66.5,23.2,10.3,408845.0346,3660544.409
2016,2016-05-01,601,2016-p06-1,140,72.1,13.0,14.9,82.9,14.0,3.1,408845.0346,3660544.409
2016,2016-05-01,601,2016-p06-1,180,74.5,13.4,12.2,82.1,13.7,4.3,408845.0346,3660544.409
2016,2016-05-01,602,2016-p06-2,20,50.5,17.7,31.8,59.3,20.9,19.8,408844.4375,3660504.407
2016,2016-05-01,602,2016-p06-2,60,53.9,19.9,26.2,63.5,21.9,14.6,408844.4375,3660504.407
2016,2016-05-01,602,2016-p06-2,100,66.1,20.0,13.9,75.8,20.7,3.6,408844.4375,3660504.407
2016,2016-05-01,602,2016-p06-2,140,53.5,24.6,21.9,63.1,27.6,9.3,408844.4375,3660504.407
2016,2016-05-01,602,2016-p06-2,180,60.1,17.0,22.9,68.6,21.8,9.6,408844.4375,3660504.407
2016,2016-05-01,603,2016-p06-3,20,53.5,17.0,29.4,62.5,18.3,19.2,408843.8294,3660464.404
2016,2016-05-01,603,2016-p06-3,60,57.5,17.3,25.2,66.6,20.4,13.0,408843.8294,3660464.404
2016,2016-05-01,603,2016-p06-3,100,59.5,16.3,24.2,68.7,18.3,13.0,408843.8294,3660464.404
2016,2016-05-01,603,2016-p06-3,140,70.2,16.4,13.4,81.2,14.3,4.5,408843.8294,3660464.404
2016,2016-05-01,603,2016-p06-3,180,69.5,13.7,16.8,79.0,14.6,6.4,408843.8294,3660464.404
2016,2016-05-01,604,2016-p06-4,20,56.6,17.6,25.8,66.4,19.6,14.0,408843.2049,3660424.401
2016,2016-05-01,604,2016-p06-4,60,63.2,20.3,16.5,73.7,21.2,5.1,408843.2049,3660424.401
2016,2016-05-01,604,2016-p06-4,100,59.5,21.0,19.5,70.5,21.8,7.7,408843.2049,3660424.401
2016,2016-05-01,604,2016-p06-4,140,64.2,16.3,19.5,74.7,16.9,8.4,408843.2049,3660424.401
2016,2016-05-01,604,2016-p06-4,180,63.2,14.7,22.2,73.7,16.3,10.0,408843.2049,3660424.401
2016,2016-05-01,701,2016-p07-1,20,57.2,20.7,22.2,65.5,21.8,12.7,408830.8149,3660544.6259999997
2016,2016-05-01,701,2016-p07-1,60,56.5,17.3,26.2,62.7,21.3,16.0,408830.8149,3660544.6259999997
2016,2016-05-01,701,2016-p07-1,100,59.2,20.7,20.2,67.5,22.5,10.0,408830.8149,3660544.6259999997
2016,2016-05-01,701,2016-p07-1,140,51.8,26.0,22.2,60.0,29.2,10.9,408830.8149,3660544.6259999997
2016,2016-05-01,701,2016-p07-1,180,68.1,18.7,13.2,75.8,18.4,5.8,408830.8149,3660544.6259999997
2016,2016-05-01,702,2016-p07-2,20,49.9,18.3,31.8,61.2,21.5,17.3,408830.2069,3660504.623
2016,2016-05-01,702,2016-p07-2,60,57.8,14.0,28.2,65.9,17.3,16.8,408830.2069,3660504.623
2016,2016-05-01,702,2016-p07-2,100,53.5,26.3,20.2,63.2,28.3,8.5,408830.2069,3660504.623
2016,2016-05-01,702,2016-p07-2,140,44.1,27.7,28.2,53.5,34.2,12.3,408830.2069,3660504.623
2016,2016-05-01,702,2016-p07-2,180,52.6,25.3,22.2,63.2,27.3,9.5,408830.2069,3660504.623
2016,2016-05-01,703,2016-p07-3,20,53.8,23.4,22.8,64.1,23.9,12.0,408829.5952,3660464.62
2016,2016-05-01,703,2016-p07-3,60,55.2,27.7,17.2,66.0,27.3,6.7,408829.5952,3660464.62
2016,2016-05-01,703,2016-p07-3,100,56.2,30.0,13.8,65.4,30.2,4.4,408829.5952,3660464.62
2016,2016-05-01,703,2016-p07-3,140,47.5,24.3,28.2,56.9,28.6,14.5,408829.5952,3660464.62
2016,2016-05-01,703,2016-p07-3,180,55.2,20.7,24.2,64.4,23.0,12.6,408829.5952,3660464.62
2016,2016-05-01,704,2016-p07-4,20,56.6,18.0,25.4,65.6,20.3,14.0,408828.9992,3660424.617
2016,2016-05-01,704,2016-p07-4,60,68.9,12.3,18.8,80.1,11.1,8.9,408828.9992,3660424.617
2016,2016-05-01,704,2016-p07-4,100,71.5,10.7,17.8,82.1,10.3,7.5,408828.9992,3660424.617
2016,2016-05-01,704,2016-p07-4,140,67.5,17.3,15.2,78.0,16.9,5.1,408828.9992,3660424.617
2016,2016-05-01,704,2016-p07-4,180,68.9,17.3,13.8,80.1,16.4,3.5,408828.9992,3660424.617
2016,2016-05-01,801,2016-p08-1,20,50.3,20.3,29.4,59.4,25.1,15.5,408816.5918,3660544.842
2016,2016-05-01,801,2016-p08-1,60,58.3,24.3,17.4,66.8,26.6,6.6,408816.5918,3660544.842
2016,2016-05-01,801,2016-p08-1,100,51.9,21.6,26.4,59.6,27.7,12.7,408816.5918,3660544.842
2016,2016-05-01,801,2016-p08-1,140,62.6,21.6,15.8,73.7,22.7,3.6,408816.5918,3660544.842
2016,2016-05-01,801,2016-p08-1,180,66.6,17.6,15.8,78.0,17.0,5.1,408816.5918,3660544.842
2016,2016-05-01,802,2016-p08-2,20,52.2,19.0,28.8,62.3,21.7,16.0,408815.9862,3660504.839
2016,2016-05-01,802,2016-p08-2,60,47.9,21.3,30.8,57.2,24.4,18.3,408815.9862,3660504.839
2016,2016-05-01,802,2016-p08-2,100,55.6,29.3,15.1,67.5,28.9,3.6,408815.9862,3660504.839
2016,2016-05-01,802,2016-p08-2,140,44.3,26.3,29.4,53.2,33.8,13.0,408815.9862,3660504.839
2016,2016-05-01,802,2016-p08-2,180,67.9,15.7,16.4,78.0,16.0,6.1,408815.9862,3660504.839
2016,2016-05-01,803,2016-p08-3,20,53.9,21.0,25.2,64.4,23.4,12.3,408815.39,3660464.836
2016,2016-05-01,803,2016-p08-3,60,67.8,15.0,17.2,75.8,16.0,8.1,408815.39,3660464.836
2016,2016-05-01,803,2016-p08-3,100,57.1,21.7,21.2,66.6,20.9,12.4,408815.39,3660464.836
2016,2016-05-01,803,2016-p08-3,140,58.5,22.7,18.9,65.4,26.4,8.2,408815.39,3660464.836
2016,2016-05-01,803,2016-p08-3,180,62.4,22.4,15.2,71.2,23.4,5.4,408815.39,3660464.836
2016,2016-05-01,804,2016-p08-4,20,61.8,14.3,23.9,67.7,20.1,12.2,408814.777,3660424.834
2016,2016-05-01,804,2016-p08-4,60,55.7,21.0,23.2,63.2,22.1,14.8,408814.777,3660424.834
2016,2016-05-01,804,2016-p08-4,100,45.1,27.6,27.2,54.4,33.2,12.4,408814.777,3660424.834
2016,2016-05-01,804,2016-p08-4,140,43.7,25.0,31.2,50.7,34.5,14.8,408814.777,3660424.834
2016,2016-05-01,804,2016-p08-4,180,68.9,14.6,16.5,78.0,16.2,5.8,408814.777,3660424.834
2016,2016-05-01,901,2016-p09-1,20,51.9,17.7,30.4,61.4,21.0,17.6,408802.4495,3660545.057
2016,2016-05-01,901,2016-p09-1,60,57.9,17.7,24.4,67.6,20.4,11.9,408802.4495,3660545.057
2016,2016-05-01,901,2016-p09-1,100,57.6,16.0,26.4,66.7,19.8,13.5,408802.4495,3660545.057
2016,2016-05-01,901,2016-p09-1,140,64.2,21.6,14.2,75.9,20.5,3.6,408802.4495,3660545.057
2016,2016-05-01,901,2016-p09-1,180,71.2,14.3,14.5,82.0,14.2,3.8,408802.4495,3660545.057
2016,2016-05-01,902,2016-p09-2,20,50.6,21.0,28.4,61.1,22.9,16.0,408801.8382,3660505.0539999995
2016,2016-05-01,902,2016-p09-2,60,60.6,16.0,23.4,71.6,16.2,12.1,408801.8382,3660505.0539999995
2016,2016-05-01,902,2016-p09-2,100,66.6,16.0,17.4,78.0,16.2,5.8,408801.8382,3660505.0539999995
2016,2016-05-01,902,2016-p09-2,140,47.9,20.0,32.1,57.2,27.0,15.8,408801.8382,3660505.0539999995
2016,2016-05-01,902,2016-p09-2,180,67.9,11.6,20.4,77.1,15.3,7.7,408801.8382,3660505.0539999995
2016,2016-05-01,903,2016-p09-3,20,53.2,21.3,25.4,63.3,20.5,16.2,408801.21379999997,3660465.052
2016,2016-05-01,903,2016-p09-3,60,52.6,25.3,22.2,63.2,26.1,10.7,408801.21379999997,3660465.052
2016,2016-05-01,903,2016-p09-3,100,47.9,27.9,24.2,57.2,32.7,10.1,408801.21379999997,3660465.052
2016,2016-05-01,903,2016-p09-3,140,47.9,22.0,30.2,58.1,29.4,12.5,408801.21379999997,3660465.052
2016,2016-05-01,903,2016-p09-3,180,62.6,20.0,17.4,71.9,22.0,6.1,408801.21379999997,3660465.052
2016,2016-05-01,904,2016-p09-4,20,52.6,25.3,22.2,63.2,26.9,9.9,408800.6282,3660425.0490000006
2016,2016-05-01,904,2016-p09-4,60,54.2,20.7,25.1,64.4,23.9,11.7,408800.6282,3660425.0490000006
2016,2016-05-01,904,2016-p09-4,100,46.6,29.4,24.1,56.8,35.2,8.0,408800.6282,3660425.0490000006
2016,2016-05-01,904,2016-p09-4,140,51.2,16.3,32.4,59.7,23.8,16.5,408800.6282,3660425.0490000006
2016,2016-05-01,904,2016-p09-4,180,75.9,12.0,12.1,86.2,10.5,3.3,408800.6282,3660425.0490000006
2016,2016-05-01,1001,2016-p10-1,20,51.8,18.0,30.2,62.3,20.3,17.4,408788.2235,3660545.273
2016,2016-05-01,1001,2016-p10-1,60,54.5,14.9,30.5,63.5,19.9,16.6,408788.2235,3660545.273
2016,2016-05-01,1001,2016-p10-1,100,53.9,22.6,23.5,64.4,25.4,10.3,408788.2235,3660545.273
2016,2016-05-01,1001,2016-p10-1,140,43.5,24.7,31.8,52.1,33.3,14.6,408788.2235,3660545.273
2016,2016-05-01,1001,2016-p10-1,180,61.5,19.7,18.8,71.8,22.3,5.9,408788.2235,3660545.273
2016,2016-05-01,1002,2016-p10-2,20,53.5,19.7,26.8,63.5,23.3,13.3,408787.607,3660505.271
2016,2016-05-01,1002,2016-p10-2,60,50.2,26.0,23.8,60.1,29.0,11.0,408787.607,3660505.271
2016,2016-05-01,1002,2016-p10-2,100,58.5,26.3,15.2,67.2,26.3,6.5,408787.607,3660505.271
2016,2016-05-01,1002,2016-p10-2,140,58.9,25.6,15.4,69.7,26.9,3.3,408787.607,3660505.271
2016,2016-05-01,1002,2016-p10-2,180,59.5,22.4,18.2,67.4,22.6,10.0,408787.607,3660505.271
2016,2016-05-01,1003,2016-p10-3,20,55.5,22.3,22.2,61.7,25.5,12.8,408787.0004,3660465.268
2016,2016-05-01,1003,2016-p10-3,60,60.5,15.7,23.9,69.5,17.4,13.1,408787.0004,3660465.268
2016,2016-05-01,1003,2016-p10-3,100,54.8,22.0,23.2,64.4,24.6,11.0,408787.0004,3660465.268
2016,2016-05-01,1003,2016-p10-3,140,49.8,21.3,28.9,55.5,26.3,18.2,408787.0004,3660465.268
2016,2016-05-01,1003,2016-p10-3,180,58.4,19.4,22.2,69.0,20.7,10.3,408787.0004,3660465.268
2016,2016-05-01,1004,2016-p10-4,20,42.4,34.4,23.2,52.0,36.4,11.6,408786.4016,3660425.265
2016,2016-05-01,1004,2016-p10-4,60,52.1,17.7,30.2,61.2,19.7,19.2,408786.4016,3660425.265
2016,2016-05-01,1004,2016-p10-4,100,47.1,24.0,28.9,54.5,30.4,15.1,408786.4016,3660425.265
2016,2016-05-01,1004,2016-p10-4,140,51.7,16.0,32.2,61.0,20.9,18.0,408786.4016,3660425.265
2016,2016-05-01,1004,2016-p10-4,180,65.7,13.0,21.2,75.6,14.0,10.4,408786.4016,3660425.265
2016,2016-05-01,1101,2016-p11-1,20,52.9,16.0,31.2,63.3,18.6,18.1,408773.9979,3660545.49
2016,2016-05-01,1101,2016-p11-1,60,57.8,14.0,28.2,67.5,16.7,15.8,408773.9979,3660545.49
2016,2016-05-01,1101,2016-p11-1,100,51.6,18.0,30.4,60.5,22.9,16.6,408773.9979,3660545.49
2016,2016-05-01,1101,2016-p11-1,140,49.5,27.4,23.2,60.8,31.0,8.1,408773.9979,3660545.49
2016,2016-05-01,1101,2016-p11-1,180,55.5,25.4,19.2,66.2,26.8,7.0,408773.9979,3660545.49
2016,2016-05-01,1102,2016-p11-2,20,50.5,20.4,29.2,59.9,22.5,17.6,408773.3965,3660505.487
2016,2016-05-01,1102,2016-p11-2,60,56.2,22.3,21.4,67.5,22.6,10.0,408773.3965,3660505.487
2016,2016-05-01,1102,2016-p11-2,100,45.5,26.0,28.4,55.1,30.7,14.2,408773.3965,3660505.487
2016,2016-05-01,1102,2016-p11-2,140,58.2,22.4,19.4,68.5,25.3,6.2,408773.3965,3660505.487
2016,2016-05-01,1102,2016-p11-2,180,71.5,12.3,16.2,82.1,11.8,6.1,408773.3965,3660505.487
2016,2016-05-01,1103,2016-p11-3,20,51.8,21.6,26.5,61.0,23.7,15.4,408772.7841,3660465.484
2016,2016-05-01,1103,2016-p11-3,60,53.5,21.0,25.5,63.1,24.3,12.6,408772.7841,3660465.484
2016,2016-05-01,1103,2016-p11-3,100,69.7,16.0,14.2,79.7,14.5,5.8,408772.7841,3660465.484
2016,2016-05-01,1103,2016-p11-3,140,52.4,23.4,24.2,62.6,25.2,12.2,408772.7841,3660465.484
2016,2016-05-01,1103,2016-p11-3,180,72.5,15.3,12.2,82.1,12.7,5.3,408772.7841,3660465.484
2016,2016-05-01,1104,2016-p11-4,20,58.4,20.4,21.2,69.0,20.7,10.3,408772.1705,3660425.482
2016,2016-05-01,1104,2016-p11-4,60,69.1,11.7,19.2,77.8,11.7,10.4,408772.1705,3660425.482
2016,2016-05-01,1104,2016-p11-4,100,58.5,25.0,16.5,69.1,23.5,7.4,408772.1705,3660425.482
2016,2016-05-01,1104,2016-p11-4,140,60.5,22.3,17.2,69.5,22.5,7.9,408772.1705,3660425.482
2016,2016-05-01,1104,2016-p11-4,180,55.8,20.3,23.9,66.8,21.2,12.0,408772.1705,3660425.482
2016,2016-05-01,1201,2016-p12-1,20,49.5,18.7,31.8,59.3,19.4,21.3,408759.7758,3660545.706
2016,2016-05-01,1201,2016-p12-1,60,59.2,18.0,22.8,68.7,19.6,11.6,408759.7758,3660545.706
2016,2016-05-01,1201,2016-p12-1,100,53.2,22.7,24.2,62.3,25.1,12.6,408759.7758,3660545.706
2016,2016-05-01,1201,2016-p12-1,140,43.5,25.3,31.2,52.1,31.8,16.2,408759.7758,3660545.706
2016,2016-05-01,1201,2016-p12-1,180,55.5,20.7,23.8,65.5,25.6,8.9,408759.7758,3660545.706
2016,2016-05-01,1202,2016-p12-2,20,54.2,22.0,23.8,64.3,24.8,10.9,408759.1692,3660505.703
2016,2016-05-01,1202,2016-p12-2,60,55.8,23.6,20.5,66.2,24.6,9.2,408759.1692,3660505.703
2016,2016-05-01,1202,2016-p12-2,100,57.5,24.7,17.8,69.4,24.7,5.9,408759.1692,3660505.703
2016,2016-05-01,1202,2016-p12-2,140,57.9,19.3,22.8,67.6,22.2,10.2,408759.1692,3660505.703
2016,2016-05-01,1202,2016-p12-2,180,70.8,17.4,11.8,80.0,17.0,3.1,408759.1692,3660505.703
2016,2016-05-01,1203,2016-p12-3,20,50.6,19.0,30.4,58.5,24.6,16.9,408758.5718,3660465.7
2016,2016-05-01,1203,2016-p12-3,60,54.2,26.4,19.4,64.3,28.2,7.5,408758.5718,3660465.7
2016,2016-05-01,1203,2016-p12-3,100,41.9,28.7,29.4,50.0,36.0,14.0,408758.5718,3660465.7
2016,2016-05-01,1203,2016-p12-3,140,55.9,26.7,17.4,66.5,28.4,5.1,408758.5718,3660465.7
2016,2016-05-01,1203,2016-p12-3,180,65.9,13.0,21.2,74.9,15.4,9.7,408758.5718,3660465.7
2016,2016-05-01,1204,2016-p12-4,20,53.6,22.0,24.4,62.6,25.9,11.5,408757.9593,3660425.698
2016,2016-05-01,1204,2016-p12-4,60,47.9,27.3,24.8,57.2,31.4,11.4,408757.9593,3660425.698
2016,2016-05-01,1204,2016-p12-4,100,55.8,28.0,16.2,67.2,27.6,5.2,408757.9593,3660425.698
2016,2016-05-01,1204,2016-p12-4,140,74.5,10.3,15.2,81.0,12.9,6.1,408757.9593,3660425.698
2016,2016-05-01,1204,2016-p12-4,180,57.2,18.7,24.2,64.5,23.2,12.3,408757.9593,3660425.698
2016,2016-05-01,1301,2016-p13-1,20,49.1,19.7,31.2,59.0,23.7,17.3,408745.6372,3660545.921
2016,2016-05-01,1301,2016-p13-1,60,55.2,18.7,26.2,64.4,22.3,13.3,408745.6372,3660545.921
2016,2016-05-01,1301,2016-p13-1,100,64.5,20.3,15.2,73.9,20.8,5.3,408745.6372,3660545.921
2016,2016-05-01,1301,2016-p13-1,140,61.9,19.3,18.8,71.7,19.6,8.6,408745.6372,3660545.921
2016,2016-05-01,1301,2016-p13-1,180,65.5,21.7,12.8,77.0,19.7,3.3,408745.6372,3660545.921
2016,2016-05-01,1302,2016-p13-2,20,49.2,18.0,32.8,58.2,21.8,20.0,408745.0261,3660505.918
2016,2016-05-01,1302,2016-p13-2,60,55.5,20.7,23.8,65.5,22.8,11.7,408745.0261,3660505.918
2016,2016-05-01,1302,2016-p13-2,100,46.2,28.0,25.8,56.8,31.7,11.5,408745.0261,3660505.918
2016,2016-05-01,1302,2016-p13-2,140,50.5,27.7,21.8,60.0,31.2,8.7,408745.0261,3660505.918
2016,2016-05-01,1302,2016-p13-2,180,58.8,18.4,22.8,67.6,21.1,11.2,408745.0261,3660505.918
2016,2016-05-01,1303,2016-p13-3,20,50.3,23.0,26.7,60.5,26.6,12.9,408744.4142,3660465.916
2016,2016-05-01,1303,2016-p13-3,60,56.0,23.6,20.4,67.7,24.3,7.9,408744.4142,3660465.916
2016,2016-05-01,1303,2016-p13-3,100,45.1,27.0,27.9,54.8,32.5,12.7,408744.4142,3660465.916
2016,2016-05-01,1303,2016-p13-3,140,47.3,25.9,26.7,56.4,30.4,13.2,408744.4142,3660465.916
2016,2016-05-01,1303,2016-p13-3,180,61.0,16.3,22.7,71.0,20.5,8.5,408744.4142,3660465.916
2016,2016-05-01,1304,2016-p13-4,20,59.7,19.0,21.2,67.3,19.9,12.7,408743.8145,3660425.913
2016,2016-05-01,1304,2016-p13-4,60,63.2,16.3,20.5,72.7,16.9,10.4,408743.8145,3660425.913
2016,2016-05-01,1304,2016-p13-4,100,62.8,20.7,16.5,72.7,19.2,8.1,408743.8145,3660425.913
2016,2016-05-01,1304,2016-p13-4,140,73.2,14.6,12.2,84.2,12.0,3.8,408743.8145,3660425.913
2016,2016-05-01,1304,2016-p13-4,180,66.6,19.3,14.2,77.0,19.0,4.1,408743.8145,3660425.913
2016,2016-05-01,1401,2016-p14-1,20,52.6,22.6,24.8,63.2,23.1,13.7,408731.4174,3660546.1370000006
2016,2016-05-01,1401,2016-p14-1,60,50.2,19.6,30.2,61.1,21.3,17.7,408731.4174,3660546.1370000006
2016,2016-05-01,1401,2016-p14-1,100,54.2,26.0,19.8,65.3,26.8,7.9,408731.4174,3660546.1370000006
2016,2016-05-01,1401,2016-p14-1,140,49.5,23.0,27.4,59.3,26.1,14.6,408731.4174,3660546.1370000006
2016,2016-05-01,1401,2016-p14-1,180,62.2,20.4,17.4,73.7,19.9,6.4,408731.4174,3660546.1370000006
2016,2016-05-01,1402,2016-p14-2,20,53.2,14.7,32.2,61.3,17.8,20.8,408730.8066,3660506.135
2016,2016-05-01,1402,2016-p14-2,60,56.6,15.6,27.8,65.7,19.8,14.6,408730.8066,3660506.135
2016,2016-05-01,1402,2016-p14-2,100,51.5,24.0,24.4,61.4,27.8,10.8,408730.8066,3660506.135
2016,2016-05-01,1402,2016-p14-2,140,55.5,20.7,23.8,64.5,24.2,11.3,408730.8066,3660506.135
2016,2016-05-01,1402,2016-p14-2,180,55.5,19.7,24.8,65.5,22.2,12.3,408730.8066,3660506.135
2016,2016-05-01,1403,2016-p14-3,20,52.2,16.0,31.8,60.7,22.1,17.2,408730.19,3660466.132
2016,2016-05-01,1403,2016-p14-3,60,55.2,19.6,25.2,64.6,23.5,11.9,408730.19,3660466.132
2016,2016-05-01,1403,2016-p14-3,100,51.8,32.0,16.2,62.0,32.6,5.5,408730.19,3660466.132
2016,2016-05-01,1403,2016-p14-3,140,47.8,32.7,19.4,57.7,34.7,7.5,408730.19,3660466.132
2016,2016-05-01,1403,2016-p14-3,180,54.2,24.0,21.8,64.3,25.0,10.7,408730.19,3660466.132
2016,2016-05-01,1404,2016-p14-4,20,56.9,15.3,27.8,64.8,18.9,16.3,408729.6105,3660426.129
2016,2016-05-01,1404,2016-p14-4,60,57.2,15.7,27.2,66.5,17.7,15.8,408729.6105,3660426.129
2016,2016-05-01,1404,2016-p14-4,100,47.2,26.7,26.2,56.1,31.4,12.5,408729.6105,3660426.129
2016,2016-05-01,1404,2016-p14-4,140,48.8,26.6,24.5,57.4,32.8,9.9,408729.6105,3660426.129
2016,2016-05-01,1404,2016-p14-4,180,67.2,18.7,14.2,76.8,20.1,3.1,408729.6105,3660426.129
2016,2016-05-01,1501,2016-p15-1,20,52.6,21.6,25.8,61.5,25.5,13.0,408717.2047,3660546.354
2016,2016-05-01,1501,2016-p15-1,60,51.9,18.7,29.4,61.4,20.8,17.8,408717.2047,3660546.354
2016,2016-05-01,1501,2016-p15-1,100,44.6,23.6,31.8,54.3,29.9,15.8,408717.2047,3660546.354
2016,2016-05-01,1501,2016-p15-1,140,52.2,22.0,25.8,63.2,24.6,12.2,408717.2047,3660546.354
2016,2016-05-01,1501,2016-p15-1,180,70.8,15.0,14.2,78.0,16.2,5.8,408717.2047,3660546.354
2016,2016-05-01,1502,2016-p15-2,20,51.5,22.3,26.2,61.4,25.4,13.2,408716.5924,3660506.351
2016,2016-05-01,1502,2016-p15-2,60,47.9,24.0,28.2,58.1,28.4,13.5,408716.5924,3660506.351
2016,2016-05-01,1502,2016-p15-2,100,48.6,28.3,23.2,58.9,32.0,9.1,408716.5924,3660506.351
2016,2016-05-01,1502,2016-p15-2,140,54.9,23.3,21.8,64.5,27.3,8.2,408716.5924,3660506.351
2016,2016-05-01,1502,2016-p15-2,180,51.9,24.3,23.8,61.4,27.1,11.5,408716.5924,3660506.351
2016,2016-05-01,1503,2016-p15-3,20,48.9,25.0,26.2,59.1,27.3,13.6,408715.9803,3660466.348
2016,2016-05-01,1503,2016-p15-3,60,47.5,21.3,31.2,57.2,24.8,18.0,408715.9803,3660466.348
2016,2016-05-01,1503,2016-p15-3,100,48.2,29.4,22.4,57.9,34.0,8.1,408715.9803,3660466.348
2016,2016-05-01,1503,2016-p15-3,140,47.5,25.0,27.4,57.2,29.3,13.5,408715.9803,3660466.348
2016,2016-05-01,1503,2016-p15-3,180,59.5,20.7,19.8,69.7,22.8,7.5,408715.9803,3660466.348
2016,2016-05-01,1504,2016-p15-4,20,55.5,20.3,24.2,64.5,24.2,11.3,408715.3803,3660426.345
2016,2016-05-01,1504,2016-p15-4,60,53.9,21.0,25.2,64.4,22.6,13.0,408715.3803,3660426.345
2016,2016-05-01,1504,2016-p15-4,100,43.5,25.0,31.4,53.1,29.4,17.6,408715.3803,3660426.345
2016,2016-05-01,1504,2016-p15-4,140,63.5,20.3,16.2,74.7,19.7,5.7,408715.3803,3660426.345
2016,2016-05-01,1504,2016-p15-4,180,71.2,14.0,14.8,80.1,14.4,5.5,408715.3803,3660426.345
2016,2016-05-01,1601,2016-p16-1,20,53.6,14.6,31.8,61.6,20.8,17.6,408702.953,3660546.57
2016,2016-05-01,1601,2016-p16-1,60,57.2,18.0,24.8,65.8,22.0,12.3,408702.953,3660546.57
2016,2016-05-01,1601,2016-p16-1,100,66.1,17.9,16.0,79.1,14.3,6.6,408702.953,3660546.57
2016,2016-05-01,1601,2016-p16-1,140,73.5,14.3,12.1,80.4,14.5,5.0,408702.953,3660546.57
2016,2016-05-01,1601,2016-p16-1,180,64.9,19.0,16.1,75.4,18.6,6.1,408702.953,3660546.57
2016,2016-05-01,1602,2016-p16-2,20,56.1,17.9,26.0,64.0,22.7,13.3,408702.3595,3660506.567
2016,2016-05-01,1602,2016-p16-2,60,56.2,20.3,23.4,64.8,25.8,9.5,408702.3595,3660506.567
2016,2016-05-01,1602,2016-p16-2,100,48.4,21.8,29.8,57.9,28.1,14.0,408702.3595,3660506.567
2016,2016-05-01,1602,2016-p16-2,140,50.5,23.3,26.2,59.6,27.9,12.5,408702.3595,3660506.567
2016,2016-05-01,1602,2016-p16-2,180,60.2,21.7,18.2,68.9,24.2,7.0,408702.3595,3660506.567
2016,2016-05-01,1603,2016-p16-3,20,48.2,21.7,30.2,57.1,26.6,16.3,408701.7650000001,3660466.564
2016,2016-05-01,1603,2016-p16-3,60,45.1,26.7,28.2,54.8,32.4,12.8,408701.7650000001,3660466.564
2016,2016-05-01,1603,2016-p16-3,100,60.8,22.0,17.2,69.7,25.4,4.9,408701.7650000001,3660466.564
2016,2016-05-01,1603,2016-p16-3,140,61.2,22.7,16.2,70.6,23.7,5.7,408701.7650000001,3660466.564
2016,2016-05-01,1603,2016-p16-3,180,70.2,17.6,12.2,81.2,15.0,3.8,408701.7650000001,3660466.564
2016,2016-05-01,1604,2016-p16-4,20,57.5,21.7,20.8,66.6,24.4,9.0,408701.1467,3660426.562
2016,2016-05-01,1604,2016-p16-4,60,60.9,21.0,18.2,71.7,20.9,7.4,408701.1467,3660426.562
2016,2016-05-01,1604,2016-p16-4,100,52.2,23.6,24.2,64.2,26.4,9.4,408701.1467,3660426.562
2016,2016-05-01,1604,2016-p16-4,140,51.5,23.3,25.2,61.4,26.0,12.6,408701.1467,3660426.562
2016,2016-05-01,1604,2016-p16-4,180,64.9,15.3,19.8,73.9,16.4,9.7,408701.1467,3660426.562
2016,2016-05-01,604,2016-p0604,20,56.5,15.7,27.8,65.6,18.7,15.8,409014.5275,3660430.789
2016,2016-05-01,604,2016-p0604,60,56.1,24.3,19.5,66.3,26.0,7.7,409014.5275,3660430.789
2016,2016-05-01,604,2016-p0604,100,58.5,15.3,26.2,66.7,21.1,12.2,409014.5275,3660430.789
2016,2016-05-01,604,2016-p0604,140,72.2,7.7,20.2,80.0,9.9,10.1,409014.5275,3660430.789
2016,2016-05-01,604,2016-p0604,180,54.5,25.3,20.2,66.9,25.9,7.2,409014.5275,3660430.789
2016,2016-05-01,622,2016-p0622,20,59.8,14.0,26.2,68.7,16.9,14.5,409016.2866,3660546.568
2016,2016-05-01,622,2016-p0622,60,59.2,22.0,18.8,68.5,23.0,8.4,409016.2866,3660546.568
2016,2016-05-01,622,2016-p0622,100,64.1,9.7,26.2,72.8,12.7,14.5,409016.2866,3660546.568
2016,2016-05-01,622,2016-p0622,140,66.8,16.0,17.2,76.9,16.8,6.4,409016.2866,3660546.568
2016,2016-05-01,622,2016-p0622,180,79.8,9.6,10.5,89.2,8.6,2.3,409016.2866,3660546.568
2016,2016-06-01,1109,2016-p1109,20,57.5,20.0,22.5,68.4,18.0,13.6,408685.4953,3660533.308
2016,2016-06-01,1109,2016-p1109,60,53.9,16.3,29.8,64.4,16.8,18.8,408685.4953,3660533.308
2016,2016-06-01,1109,2016-p1109,100,51.5,27.4,21.2,61.0,27.9,11.1,408685.4953,3660533.308
2016,2016-06-01,1109,2016-p1109,140,47.2,22.3,30.5,56.1,25.5,18.4,408685.4953,3660533.308
2016,2016-06-01,1109,2016-p1109,180,61.8,20.4,17.8,72.5,21.6,5.9,408685.4953,3660533.308
2016,2016-06-01,1926,2016-p1926,20,53.5,19.4,27.2,63.1,20.4,16.5,408676.1875,3660455.725
2016,2016-06-01,1926,2016-p1926,60,58.5,21.3,20.2,69.5,20.8,9.7,408676.1875,3660455.725
2016,2016-06-01,1926,2016-p1926,100,62.2,20.3,17.5,73.7,18.4,7.8,408676.1875,3660455.725
2016,2016-06-01,1926,2016-p1926,140,66.5,14.0,19.5,74.9,14.5,10.6,408676.1875,3660455.725
2016,2016-06-01,1926,2016-p1926,180,60.8,18.0,21.2,71.6,16.8,11.6,408676.1875,3660455.725
2016,2016-06-01,2006,2016-p2006,20,52.8,15.0,32.2,62.3,20.0,17.7,409000.4903,3660443.193
2016,2016-06-01,2006,2016-p2006,60,54.8,21.4,23.8,63.4,26.2,10.4,409000.4903,3660443.193
2016,2016-06-01,2006,2016-p2006,100,70.8,13.0,16.2,79.0,15.4,5.7,409000.4903,3660443.193
2016,2016-06-01,2006,2016-p2006,140,74.5,7.3,18.2,82.0,10.6,7.4,409000.4903,3660443.193
2016,2016-06-01,2006,2016-p2006,180,61.2,20.7,18.2,70.6,24.2,5.2,409000.4903,3660443.193
2016,2016-06-01,2313,2016-p2313,20,53.1,16.1,30.8,64.2,13.2,22.6,408673.0269,3660515.209
2016,2016-06-01,2313,2016-p2313,60,52.5,17.7,29.8,62.4,20.2,17.3,408673.0269,3660515.209
2016,2016-06-01,2313,2016-p2313,100,59.2,23.0,17.8,69.6,24.8,5.6,408673.0269,3660515.209
2016,2016-06-01,2313,2016-p2313,140,56.2,22.0,21.8,67.4,22.9,9.7,408673.0269,3660515.209
2016,2016-06-01,2313,2016-p2313,180,69.5,17.7,12.8,80.0,16.4,3.5,408673.0269,3660515.209
2016,2016-06-01,2418,2016-p2418,20,60.8,15.0,24.2,70.6,17.1,12.3,408997.6304,3660522.471
2016,2016-06-01,2418,2016-p2418,60,56.8,14.0,29.2,66.5,16.9,16.6,408997.6304,3660522.471
2016,2016-06-01,2418,2016-p2418,100,61.2,14.7,24.2,70.6,18.8,10.6,408997.6304,3660522.471
2016,2016-06-01,2418,2016-p2418,140,68.5,11.7,19.8,77.9,13.4,8.7,408997.6304,3660522.471
2016,2016-06-01,2418,2016-p2418,180,75.8,8.1,16.2,84.0,9.2,6.8,408997.6304,3660522.471
2016,2016-06-01,3415,2016-p3415,20,52.8,15.7,31.5,62.3,19.2,18.4,408987.1938,3660504.345
2016,2016-06-01,3415,2016-p3415,60,56.1,14.3,29.5,66.3,17.3,16.4,408987.1938,3660504.345
2016,2016-06-01,3415,2016-p3415,100,55.5,19.0,25.5,63.6,24.6,11.9,408987.1938,3660504.345
2016,2016-06-01,3415,2016-p3415,140,65.1,11.3,23.5,73.9,13.7,12.5,408987.1938,3660504.345
2016,2016-06-01,3415,2016-p3415,180,79.1,6.3,14.5,88.1,7.4,4.5,408987.1938,3660504.345
2016,2016-06-01,3808,2016-p3808,20,63.1,14.3,22.5,70.8,16.0,13.2,408982.3896,3660455.658
2016,2016-06-01,3808,2016-p3808,60,58.8,12.0,29.2,68.6,13.6,17.8,408982.3896,3660455.658
2016,2016-06-01,3808,2016-p3808,100,73.5,13.3,13.2,84.2,13.0,2.8,408982.3896,3660455.658
2016,2016-06-01,3808,2016-p3808,140,76.9,9.3,13.8,88.4,6.8,4.8,408982.3896,3660455.658
2016,2016-06-01,3808,2016-p3808,180,69.8,13.0,17.2,79.9,13.0,7.1,408982.3896,3660455.658
2016,2016-06-01,4823,2016-p4823,20,57.5,18.0,24.5,67.4,20.6,12.0,408973.7121,3660553.31
2016,2016-06-01,4823,2016-p4823,60,45.8,19.0,35.2,55.0,23.9,21.1,408973.7121,3660553.31
2016,2016-06-01,4823,2016-p4823,100,54.8,17.0,28.2,64.4,20.7,15.0,408973.7121,3660553.31
2016,2016-06-01,4823,2016-p4823,140,62.8,18.7,18.5,71.7,22.1,6.2,408973.7121,3660553.31
2016,2016-06-01,4823,2016-p4823,180,64.8,11.6,23.5,73.8,14.5,11.7,408973.7121,3660553.31
2016,2016-06-01,5207,2016-p5207,20,57.1,13.4,29.5,65.5,15.0,19.5,408968.0746,3660449.781
2016,2016-06-01,5207,2016-p5207,60,60.5,15.7,23.9,69.5,18.1,12.4,408968.0746,3660449.781
2016,2016-06-01,5207,2016-p5207,100,56.2,18.0,25.8,67.4,18.6,14.0,408968.0746,3660449.781
2016,2016-06-01,5207,2016-p5207,140,58.5,16.0,25.5,66.6,21.5,11.9,408968.0746,3660449.781
2016,2016-06-01,5207,2016-p5207,180,65.2,17.0,17.8,75.8,17.6,6.6,408968.0746,3660449.781
2016,2016-06-01,1,2016-satsite1,20,53.4,19.3,27.2,61.9,23.4,14.7,408649.55999999994,3660550.45
2016,2016-06-01,1,2016-satsite1,60,54.8,16.0,29.2,64.0,17.2,18.8,408649.55999999994,3660550.45
2016,2016-06-01,1,2016-satsite1,100,60.5,24.3,15.2,71.3,22.0,6.7,408649.55999999994,3660550.45
2016,2016-06-01,1,2016-satsite1,140,59.8,22.0,18.2,69.4,22.1,8.5,408649.55999999994,3660550.45
2016,2016-06-01,1,2016-satsite1,180,63.5,22.3,14.2,72.7,22.2,5.1,408649.55999999994,3660550.45
2016,2016-06-01,2,2016-satsite2,20,63.1,21.7,15.2,71.6,23.7,4.7,408648.89,3660503.86
2016,2016-06-01,2,2016-satsite2,60,57.4,22.3,20.2,66.1,25.2,8.7,408648.89,3660503.86
2016,2016-06-01,2,2016-satsite2,100,53.2,17.7,29.2,61.2,20.6,18.3,408648.89,3660503.86
2016,2016-06-01,2,2016-satsite2,140,59.4,25.3,15.2,69.9,23.2,6.9,408648.89,3660503.86
2016,2016-06-01,2,2016-satsite2,180,65.2,18.7,16.2,73.8,18.9,7.4,408648.89,3660503.86
2016,2016-06-01,3,2016-satsite3,20,53.8,16.0,30.2,61.4,18.4,20.2,408646.35000000003,3660464.32
2016,2016-06-01,3,2016-satsite3,60,59.8,20.0,20.2,71.0,19.4,9.6,408646.35000000003,3660464.32
2016,2016-06-01,3,2016-satsite3,100,69.5,15.3,15.2,78.9,12.7,8.4,408646.35000000003,3660464.32
2016,2016-06-01,3,2016-satsite3,140,69.1,20.0,10.9,78.7,19.2,2.1,408646.35000000003,3660464.32
2016,2016-06-01,3,2016-satsite3,180,70.5,17.7,11.9,78.8,18.3,2.8,408646.35000000003,3660464.32
2017,2017-03-01,B1,2017-b1,20,65.5,15.6,18.9,73.9,15.2,10.9,409026.86000000004,3660541.63
2017,2017-03-01,B1,2017-b1,60,67.2,15.6,17.2,76.0,13.5,10.6,409026.86000000004,3660541.63
2017,2017-03-01,B1,2017-b1,100,67.9,14.9,17.2,76.0,16.4,7.7,409026.86000000004,3660541.63
2017,2017-03-01,B1,2017-b1,140,73.6,11.3,15.2,81.1,12.5,6.4,409026.86000000004,3660541.63
2017,2017-03-01,B1,2017-b1,180,63.6,11.3,25.2,70.8,15.5,13.6,409026.86000000004,3660541.63
2017,2017-03-01,B2,2017-b2,20,61.8,15.3,22.9,69.7,17.5,12.7,409025.96,3660481.66
2017,2017-03-01,B2,2017-b2,60,49.5,20.0,30.5,57.4,24.0,18.6,409025.96,3660481.66
2017,2017-03-01,B2,2017-b2,100,43.4,23.4,33.2,50.3,31.3,18.4,409025.96,3660481.66
2017,2017-03-01,B2,2017-b2,140,72.6,12.0,15.4,82.1,12.1,5.8,409025.96,3660481.66
2017,2017-03-01,B2,2017-b2,180,79.2,8.3,12.4,88.2,7.3,4.5,409025.96,3660481.66
2017,2017-03-01,B3,2017-b3,20,62.5,12.6,24.9,70.8,12.3,16.9,409025.06,3660421.6300000004
2017,2017-03-01,B3,2017-b3,60,64.1,19.0,16.9,72.7,19.2,8.1,409025.06,3660421.6300000004
2017,2017-03-01,B3,2017-b3,100,62.9,12.6,24.5,69.9,15.8,14.3,409025.06,3660421.6300000004
2017,2017-03-01,B3,2017-b3,140,65.9,16.3,17.8,75.9,16.0,8.1,409025.06,3660421.6300000004
2017,2017-03-01,B3,2017-b3,180,66.2,18.3,15.4,76.9,16.7,6.4,409025.06,3660421.6300000004
2017,2017-03-01,B4,2017-b4,20,61.1,14.0,24.9,69.6,16.3,14.1,409024.76,3660400.65
2017,2017-03-01,B4,2017-b4,60,60.6,19.3,20.2,70.6,20.0,9.4,409024.76,3660400.65
2017,2017-03-01,B4,2017-b4,100,59.2,13.3,27.5,67.5,14.0,18.5,409024.76,3660400.65
2017,2017-03-01,B4,2017-b4,140,69.2,15.3,15.5,77.9,17.9,4.2,409024.76,3660400.65
2017,2017-03-01,B4,2017-b4,180,59.5,21.0,19.5,68.5,24.0,7.6,409024.76,3660400.65
2017,2017-03-01,B5,2017-b5,20,56.8,14.0,29.2,66.1,14.4,19.5,408994.20999999996,3660401.1
2017,2017-03-01,B5,2017-b5,60,64.8,9.0,26.2,74.8,6.2,19.0,408994.20999999996,3660401.1
2017,2017-03-01,B5,2017-b5,100,71.9,11.7,16.4,82.1,10.1,7.8,408994.20999999996,3660401.1
2017,2017-03-01,B5,2017-b5,140,71.6,10.3,18.2,81.1,9.8,9.1,408994.20999999996,3660401.1
2017,2017-03-01,B5,2017-b5,180,57.9,18.9,23.2,67.6,18.6,13.7,408994.20999999996,3660401.1
2017,2017-03-01,B6,2017-b6,20,53.9,18.9,27.2,62.5,22.9,14.6,408961.66,3660401.65
2017,2017-03-01,B6,2017-b6,60,53.1,17.0,29.9,60.4,20.8,18.8,408961.66,3660401.65
2017,2017-03-01,B6,2017-b6,100,64.5,18.6,16.9,73.7,18.6,7.7,408961.66,3660401.65
2017,2017-03-01,B6,2017-b6,140,57.5,23.6,18.9,68.1,22.6,9.3,408961.66,3660401.65
2017,2017-03-01,B6,2017-b6,180,62.9,15.7,21.4,72.8,17.5,9.7,408961.66,3660401.65
2017,2017-03-01,B7,2017-b7,20,54.5,16.7,28.9,62.3,18.6,19.2,408933.28,3660402.0100000002
2017,2017-03-01,B7,2017-b7,60,60.5,21.7,17.9,68.5,23.1,8.4,408933.28,3660402.0100000002
2017,2017-03-01,B7,2017-b7,100,64.1,18.7,17.2,72.6,19.7,7.7,408933.28,3660402.0100000002
2017,2017-03-01,B7,2017-b7,140,59.5,15.6,24.9,68.5,17.6,14.0,408933.28,3660402.0100000002
2017,2017-03-01,B7,2017-b7,180,62.4,14.4,23.2,73.2,10.9,15.9,408933.28,3660402.0100000002
2017,2017-03-01,B8,2017-b8,20,57.8,13.3,28.9,66.2,13.9,19.9,408904.55,3660402.46
2017,2017-03-01,B8,2017-b8,60,62.5,20.7,16.9,70.5,21.0,8.4,408904.55,3660402.46
2017,2017-03-01,B8,2017-b8,100,57.8,15.7,26.5,66.5,16.7,16.8,408904.55,3660402.46
2017,2017-03-01,B8,2017-b8,140,64.2,19.0,16.8,74.8,16.6,8.5,408904.55,3660402.46
2017,2017-03-01,B8,2017-b8,180,57.6,24.0,18.4,68.5,23.9,7.6,408904.55,3660402.46
2017,2017-03-01,B9,2017-b9,20,58.8,19.3,21.9,67.3,20.7,12.1,408877.08,3660402.87
2017,2017-03-01,B9,2017-b9,60,55.8,14.3,29.9,62.6,17.9,19.5,408877.08,3660402.87
2017,2017-03-01,B9,2017-b9,100,54.6,23.3,22.2,65.3,23.0,11.7,408877.08,3660402.87
2017,2017-03-01,B9,2017-b9,140,57.8,16.6,25.5,65.6,21.4,13.0,408877.08,3660402.87
2017,2017-03-01,B9,2017-b9,180,51.5,19.0,29.5,60.1,21.4,18.5,408877.08,3660402.87
2017,2017-03-01,B10,2017-b10,20,59.8,19.3,20.9,67.7,22.0,10.3,408849.53,3660403.32
2017,2017-03-01,B10,2017-b10,60,59.5,15.4,25.2,69.7,22.5,7.8,408849.53,3660403.32
2017,2017-03-01,B10,2017-b10,100,58.6,22.0,19.4,69.5,22.3,8.2,408849.53,3660403.32
2017,2017-03-01,B10,2017-b10,140,65.6,12.3,22.2,74.9,13.1,12.0,408849.53,3660403.32
2017,2017-03-01,B10,2017-b10,180,57.2,15.6,27.2,67.5,15.4,17.1,408849.53,3660403.32
2017,2017-03-01,B11,2017-b11,20,57.1,21.0,21.9,66.1,21.9,12.1,408821.01,3660403.76
2017,2017-03-01,B11,2017-b11,60,64.8,14.3,20.9,71.8,16.7,11.5,408821.01,3660403.76
2017,2017-03-01,B11,2017-b11,100,59.5,23.0,17.5,69.4,23.2,7.4,408821.01,3660403.76
2017,2017-03-01,B11,2017-b11,140,53.2,20.0,26.8,63.3,21.2,15.4,408821.01,3660403.76
2017,2017-03-01,B11,2017-b11,180,66.2,12.0,21.8,76.9,9.8,13.3,408821.01,3660403.76
2017,2017-03-01,B12,2017-b12,20,53.8,16.3,29.9,62.1,19.5,18.4,408792.64,3660404.21
2017,2017-03-01,B12,2017-b12,60,61.1,16.0,22.9,68.6,17.9,13.5,408792.64,3660404.21
2017,2017-03-01,B12,2017-b12,100,63.1,18.3,18.5,70.8,21.2,8.0,408792.64,3660404.21
2017,2017-03-01,B12,2017-b12,140,58.8,18.0,23.2,68.2,19.2,12.6,408792.64,3660404.21
2017,2017-03-01,B12,2017-b12,180,69.6,11.0,19.4,79.0,10.9,10.1,408792.64,3660404.21
2017,2017-03-01,B13,2017-b13,20,55.5,14.7,29.9,63.3,16.5,20.2,408764.2,3660404.58
2017,2017-03-01,B13,2017-b13,60,60.8,12.3,26.9,67.7,14.4,17.8,408764.2,3660404.58
2017,2017-03-01,B13,2017-b13,100,54.8,27.3,17.9,65.7,27.6,6.7,408764.2,3660404.58
2017,2017-03-01,B13,2017-b13,140,57.6,20.6,21.8,67.5,23.0,9.5,408764.2,3660404.58
2017,2017-03-01,B13,2017-b13,180,69.9,15.3,14.8,79.0,15.6,5.3,408764.2,3660404.58
2017,2017-03-01,B14,2017-b14,20,54.8,21.3,23.9,63.1,22.9,14.0,408735.83,3660405.03
2017,2017-03-01,B14,2017-b14,60,54.5,27.7,17.9,62.3,29.0,8.7,408735.83,3660405.03
2017,2017-03-01,B14,2017-b14,100,48.8,18.3,32.9,56.5,22.0,21.5,408735.83,3660405.03
2017,2017-03-01,B14,2017-b14,140,52.6,17.6,29.8,60.5,23.0,16.5,408735.83,3660405.03
2017,2017-03-01,B14,2017-b14,180,65.2,12.0,22.8,72.9,14.4,12.7,408735.83,3660405.03
2017,2017-03-01,B15,2017-b15,20,55.8,22.3,21.9,64.2,23.8,12.1,408707.38,3660405.48
2017,2017-03-01,B15,2017-b15,60,57.8,23.0,19.2,67.1,24.1,8.7,408707.38,3660405.48
2017,2017-03-01,B15,2017-b15,100,55.9,26.3,17.8,67.3,23.3,9.4,408707.38,3660405.48
2017,2017-03-01,B15,2017-b15,140,53.9,20.7,25.4,63.5,21.8,14.7,408707.38,3660405.48
2017,2017-03-01,B15,2017-b15,180,61.2,12.7,26.2,71.6,14.3,14.1,408707.38,3660405.48
2017,2017-03-01,B16,2017-b16,20,54.1,17.7,28.2,62.3,18.6,19.2,408678.94,3660405.92
2017,2017-03-01,B16,2017-b16,60,65.8,17.3,16.9,74.6,17.2,8.1,408678.94,3660405.92
2017,2017-03-01,B16,2017-b16,100,67.1,17.7,15.2,75.7,18.9,5.4,408678.94,3660405.92
2017,2017-03-01,B16,2017-b16,140,61.8,22.3,15.9,72.5,22.7,4.8,408678.94,3660405.92
2017,2017-03-01,B16,2017-b16,180,59.9,15.7,24.4,70.7,15.6,13.7,408678.94,3660405.92
2017,2017-03-01,B17,2017-b17,20,60.1,20.0,19.9,67.6,21.2,11.2,408663.9,3660406.15
2017,2017-03-01,B17,2017-b17,60,63.1,20.7,16.2,71.6,21.0,7.4,408663.9,3660406.15
2017,2017-03-01,B17,2017-b17,100,68.8,17.0,14.2,76.8,15.9,7.3,408663.9,3660406.15
2017,2017-03-01,B17,2017-b17,140,67.8,17.0,15.2,74.8,18.1,7.1,408663.9,3660406.15
2017,2017-03-01,B18,2017-b18,20,54.5,19.7,25.9,62.3,22.8,15.0,408664.42,3660427.14
2017,2017-03-01,B18,2017-b18,60,56.4,16.3,27.2,66.2,16.3,17.5,408664.42,3660427.14
2017,2017-03-01,B18,2017-b18,100,57.2,22.9,19.9,68.2,25.6,6.2,408664.42,3660427.14
2017,2017-03-01,B18,2017-b18,140,50.4,16.3,33.2,56.5,24.2,19.2,408664.42,3660427.14
2017,2017-03-01,B18,2017-b18,180,73.8,13.0,13.2,80.9,14.0,5.1,408664.42,3660427.14
2017,2017-03-01,B19,2017-b19,20,51.5,16.7,31.9,59.1,21.1,19.8,408665.31,3660487.16
2017,2017-03-01,B19,2017-b19,60,51.4,25.3,23.2,60.0,28.7,11.3,408665.31,3660487.16
2017,2017-03-01,B19,2017-b19,100,52.8,18.0,29.2,60.4,23.6,16.0,408665.31,3660487.16
2017,2017-03-01,B19,2017-b19,140,54.1,22.7,23.2,61.3,26.1,12.6,408665.31,3660487.16
2017,2017-03-01,B19,2017-b19,180,63.4,20.3,16.2,71.5,21.8,6.7,408665.31,3660487.16
2017,2017-03-01,B20,2017-b20,20,51.1,17.7,31.2,59.1,21.7,19.2,408666.28,3660547.18
2017,2017-03-01,B20,2017-b20,60,55.8,20.0,24.2,65.0,21.2,13.8,408666.28,3660547.18
2017,2017-03-01,B20,2017-b20,100,37.8,21.4,40.8,47.7,28.2,24.1,408666.28,3660547.18
2017,2017-03-01,B20,2017-b20,140,57.4,28.3,14.2,65.2,28.1,6.7,408666.28,3660547.18
2017,2017-03-01,B20,2017-b20,180,59.8,15.3,24.9,68.7,19.8,11.6,408666.28,3660547.18
2017,2017-03-01,B21,2017-b21,20,54.8,18.0,27.2,62.4,21.1,16.4,408666.65,3660579.57
2017,2017-03-01,B21,2017-b21,60,56.1,13.7,30.2,64.3,14.8,20.9,408666.65,3660579.57
2017,2017-03-01,B21,2017-b21,100,63.4,12.3,24.2,69.8,14.7,15.5,408666.65,3660579.57
2017,2017-03-01,B21,2017-b21,140,60.1,12.0,27.9,68.6,14.3,17.1,408666.65,3660579.57
2017,2017-03-01,B22,2017-b22,20,55.8,26.0,18.2,63.5,28.1,8.4,408681.62,3660579.35
2017,2017-03-01,B22,2017-b22,60,56.4,13.3,30.2,65.2,15.3,19.5,408681.62,3660579.35
2017,2017-03-01,B22,2017-b22,100,47.1,17.0,35.9,54.2,23.0,22.8,408681.62,3660579.35
2017,2017-03-01,B22,2017-b22,140,47.8,29.0,23.2,55.6,32.3,12.2,408681.62,3660579.35
2017,2017-03-01,B22,2017-b22,180,54.8,20.3,24.9,64.1,22.9,13.0,408681.62,3660579.35
2017,2017-03-01,B23,2017-b23,20,54.8,24.0,21.2,62.4,25.5,12.1,408710.06,3660578.9
2017,2017-03-01,B23,2017-b23,60,53.1,18.7,28.2,61.2,20.6,18.1,408710.06,3660578.9
2017,2017-03-01,B23,2017-b23,100,67.8,15.3,16.9,76.7,13.4,9.9,408710.06,3660578.9
2017,2017-03-01,B23,2017-b23,140,65.5,18.7,15.9,73.7,18.6,7.7,408710.06,3660578.9
2017,2017-03-01,B23,2017-b23,180,65.8,19.7,14.5,75.6,18.6,5.8,408710.06,3660578.9
2017,2017-03-01,B24,2017-b24,20,55.8,19.0,25.2,63.5,22.2,14.3,408738.57999999996,3660578.45
2017,2017-03-01,B24,2017-b24,60,56.8,13.0,30.2,64.5,16.3,19.2,408738.57999999996,3660578.45
2017,2017-03-01,B24,2017-b24,100,66.4,16.3,17.2,73.8,18.0,8.1,408738.57999999996,3660578.45
2017,2017-03-01,B24,2017-b24,140,49.8,22.3,27.9,57.9,27.3,14.9,408738.57999999996,3660578.45
2017,2017-03-01,B24,2017-b24,180,54.1,12.7,33.2,65.3,15.7,19.0,408738.57999999996,3660578.45
2017,2017-03-01,B25,2017-b25,20,47.8,20.0,32.2,57.6,23.0,19.5,408766.8,3660578.0
2017,2017-03-01,B25,2017-b25,60,52.8,18.7,28.5,65.9,17.0,17.0,408766.8,3660578.0
2017,2017-03-01,B25,2017-b25,100,55.5,20.0,24.5,64.6,22.1,13.4,408766.8,3660578.0
2017,2017-03-01,B25,2017-b25,140,43.6,22.3,34.2,51.3,31.7,17.0,408766.8,3660578.0
2017,2017-03-01,B25,2017-b25,180,53.8,16.0,30.2,62.5,18.1,19.4,408766.8,3660578.0
2017,2017-03-01,B26,2017-b26,20,52.1,23.0,24.9,60.2,26.2,13.6,408795.25,3660577.56
2017,2017-03-01,B26,2017-b26,60,58.5,14.7,26.9,66.4,16.8,16.8,408795.25,3660577.56
2017,2017-03-01,B26,2017-b26,100,60.8,17.7,21.5,69.4,19.6,11.0,408795.25,3660577.56
2017,2017-03-01,B26,2017-b26,140,43.4,25.1,31.5,51.6,33.0,15.5,408795.25,3660577.56
2017,2017-03-01,B26,2017-b26,180,57.5,22.4,20.2,67.3,23.7,9.0,408795.25,3660577.56
2017,2017-03-01,B27,2017-b27,20,52.5,19.7,27.9,60.2,23.1,16.7,408823.62,3660577.19
2017,2017-03-01,B27,2017-b27,60,52.8,24.4,22.9,60.9,26.7,12.5,408823.62,3660577.19
2017,2017-03-01,B27,2017-b27,100,50.8,26.4,22.9,58.3,29.9,11.7,408823.62,3660577.19
2017,2017-03-01,B27,2017-b27,140,63.7,18.7,17.5,72.5,20.6,7.0,408823.62,3660577.19
2017,2017-03-01,B27,2017-b27,180,56.1,18.0,25.9,65.3,18.5,16.2,408823.62,3660577.19
2017,2017-03-01,B28,2017-b28,20,54.1,24.3,21.5,62.2,25.8,12.0,408852.06,3660576.74
2017,2017-03-01,B28,2017-b28,60,55.1,17.3,27.5,64.3,19.6,16.1,408852.06,3660576.74
2017,2017-03-01,B28,2017-b28,100,66.8,15.7,17.5,74.8,16.3,8.8,408852.06,3660576.74
2017,2017-03-01,B28,2017-b28,140,61.1,16.3,22.5,70.6,16.7,12.7,408852.06,3660576.74
2017,2017-03-01,B28,2017-b28,180,62.1,21.0,16.9,71.5,21.8,6.7,408852.06,3660576.74
2017,2017-03-01,B29,2017-b29,20,53.5,24.0,22.5,61.2,24.1,14.7,408879.76,3660576.29
2017,2017-03-01,B29,2017-b29,60,51.8,21.7,26.5,60.4,22.6,17.0,408879.76,3660576.29
2017,2017-03-01,B29,2017-b29,100,62.5,21.0,16.5,69.5,23.1,7.4,408879.76,3660576.29
2017,2017-03-01,B29,2017-b29,140,69.8,18.7,11.5,78.8,16.9,4.3,408879.76,3660576.29
2017,2017-03-01,B29,2017-b29,180,68.1,16.4,15.5,75.8,17.6,6.6,408879.76,3660576.29
2017,2017-03-01,B30,2017-b30,20,55.9,17.6,26.5,63.3,19.0,17.7,408907.16,3660575.92
2017,2017-03-01,B30,2017-b30,60,58.9,17.6,23.5,66.5,20.0,13.6,408907.16,3660575.92
2017,2017-03-01,B30,2017-b30,100,48.2,17.2,34.5,54.3,26.0,19.7,408907.16,3660575.92
2017,2017-03-01,B30,2017-b30,140,40.7,15.7,43.6,48.8,21.0,30.2,408907.16,3660575.92
2017,2017-03-01,B30,2017-b30,180,60.8,20.7,18.5,68.4,22.2,9.4,408907.16,3660575.92
2017,2017-03-01,B31,2017-b31,20,53.8,19.3,26.9,61.1,21.9,17.1,408935.87,3660575.4400000004
2017,2017-03-01,B31,2017-b31,60,58.2,18.0,23.8,63.6,21.6,14.9,408935.87,3660575.4400000004
2017,2017-03-01,B31,2017-b31,100,44.2,23.0,32.8,47.5,34.2,18.3,408935.87,3660575.4400000004
2017,2017-03-01,B31,2017-b31,140,51.2,17.0,31.8,54.7,28.1,17.3,408935.87,3660575.4400000004
2017,2017-03-01,B31,2017-b31,180,67.4,8.3,24.2,72.8,12.1,15.0,408935.87,3660575.4400000004
2017,2017-03-01,B32,2017-b32,20,55.1,20.4,24.5,63.3,21.7,15.1,408964.39,3660574.99
2017,2017-03-01,B32,2017-b32,60,54.1,21.0,24.9,65.3,18.6,16.2,408964.39,3660574.99
2017,2017-03-01,B32,2017-b32,100,47.1,18.0,34.9,55.2,24.6,20.2,408964.39,3660574.99
2017,2017-03-01,B32,2017-b32,140,56.8,20.4,22.9,65.5,23.5,11.0,408964.39,3660574.99
2017,2017-03-01,B32,2017-b32,180,69.4,14.7,15.9,77.9,14.3,7.8,408964.39,3660574.99
2017,2017-03-01,B33,2017-b33,20,57.1,19.4,23.5,67.1,19.6,13.3,408996.85,3660574.54
2017,2017-03-01,B33,2017-b33,60,58.5,20.0,21.5,67.4,22.9,9.7,408996.85,3660574.54
2017,2017-03-01,B33,2017-b33,100,56.5,21.0,22.5,66.3,23.4,10.3,408996.85,3660574.54
2017,2017-03-01,B33,2017-b33,140,65.1,19.0,15.9,72.7,18.8,8.6,408996.85,3660574.54
2017,2017-03-01,B33,2017-b33,180,73.8,13.7,12.5,82.9,11.1,6.0,408996.85,3660574.54
2017,2017-03-01,B34,2017-b34,20,62.5,17.0,20.5,72.5,17.4,10.0,409027.31,3660574.1
2017,2017-03-01,B34,2017-b34,60,67.5,13.0,19.5,76.7,11.7,11.6,409027.31,3660574.1
2017,2017-03-01,B34,2017-b34,100,52.1,22.4,25.5,61.4,24.3,14.3,409027.31,3660574.1
2017,2017-03-01,B34,2017-b34,140,70.5,16.0,13.5,78.8,16.8,4.4,409027.31,3660574.1
2017,2017-03-01,B34,2017-b34,180,71.1,13.4,15.5,78.9,14.3,6.8,409027.31,3660574.1
2017,2017-03-16,N1,2017-n1,20,55.8,20.0,24.2,63.6,25.2,11.3,408680.55,3660546.9900000007
2017,2017-03-16,N1,2017-n1,60,57.5,17.3,25.2,66.4,19.2,14.5,408680.55,3660546.9900000007
2017,2017-03-16,N1,2017-n1,100,65.1,19.0,15.9,75.5,15.6,8.9,408680.55,3660546.9900000007
2017,2017-03-16,N1,2017-n1,140,59.1,24.0,16.9,69.2,21.6,9.2,408680.55,3660546.9900000007
2017,2017-03-16,N1,2017-n1,180,63.5,19.7,16.9,74.4,16.5,9.2,408680.55,3660546.9900000007
2017,2017-03-16,N2,2017-n2,20,51.8,21.3,26.9,62.0,23.1,15.0,408679.68,3660486.93
2017,2017-03-16,N2,2017-n2,60,52.8,22.3,24.9,63.0,24.1,12.9,408679.68,3660486.93
2017,2017-03-16,N2,2017-n2,100,59.1,25.0,15.9,70.2,22.7,7.1,408679.68,3660486.93
2017,2017-03-16,N2,2017-n2,140,55.8,26.3,17.9,65.2,27.2,7.7,408679.68,3660486.93
2017,2017-03-16,N2,2017-n2,180,64.5,19.7,15.9,73.6,19.0,7.4,408679.68,3660486.93
2017,2017-03-16,N3,2017-n3,20,54.2,21.6,24.2,65.3,22.1,12.6,408678.73,3660426.9600000004
2017,2017-03-16,N3,2017-n3,60,56.9,21.0,22.2,67.5,21.2,11.3,408678.73,3660426.9600000004
2017,2017-03-16,N3,2017-n3,100,54.9,19.0,26.2,65.4,20.7,13.9,408678.73,3660426.9600000004
2017,2017-03-16,N3,2017-n3,140,57.5,14.6,27.9,69.3,15.7,15.0,408678.73,3660426.9600000004
2017,2017-03-16,N3,2017-n3,180,64.5,16.3,19.2,73.7,18.6,7.7,408678.73,3660426.9600000004
2017,2017-03-16,N4,2017-n4,20,53.8,13.3,32.9,64.1,14.4,21.5,408707.48,3660446.4499999997
2017,2017-03-16,N4,2017-n4,60,56.8,19.1,24.2,68.2,18.8,13.0,408707.48,3660446.4499999997
2017,2017-03-16,N4,2017-n4,100,56.5,20.3,23.2,67.3,21.4,11.3,408707.48,3660446.4499999997
2017,2017-03-16,N4,2017-n4,140,57.1,18.7,24.2,68.4,18.6,13.0,408707.48,3660446.4499999997
2017,2017-03-16,N4,2017-n4,180,67.8,9.7,22.5,78.8,8.3,12.9,408707.48,3660446.4499999997
2017,2017-03-16,N5,2017-n5,20,53.2,15.7,31.2,61.3,20.3,18.4,408708.72,3660526.5
2017,2017-03-16,N5,2017-n5,60,55.1,13.7,31.2,63.4,16.8,19.8,408708.72,3660526.5
2017,2017-03-16,N5,2017-n5,100,64.9,17.0,18.2,74.9,17.4,7.7,408708.72,3660526.5
2017,2017-03-16,N5,2017-n5,140,68.5,13.3,18.2,78.0,13.9,8.1,408708.72,3660526.5
2017,2017-03-16,N5,2017-n5,180,69.5,10.3,20.2,79.0,11.1,9.9,408708.72,3660526.5
2017,2017-03-16,N6,2017-n6,20,52.8,24.0,23.2,60.5,26.9,12.6,408723.59,3660566.27
2017,2017-03-16,N6,2017-n6,60,55.2,18.7,26.2,63.4,21.2,15.4,408723.59,3660566.27
2017,2017-03-16,N6,2017-n6,100,59.8,23.0,17.2,70.4,21.5,8.1,408723.59,3660566.27
2017,2017-03-16,N6,2017-n6,140,58.8,22.0,19.2,66.6,24.7,8.7,408723.59,3660566.27
2017,2017-03-16,N6,2017-n6,180,63.2,15.7,21.2,71.7,18.3,10.0,408723.59,3660566.27
2017,2017-03-16,N7,2017-n7,20,51.8,22.0,26.2,59.4,26.2,14.3,408722.35000000003,3660486.2199999997
2017,2017-03-16,N7,2017-n7,60,53.5,20.3,26.2,62.2,20.3,17.5,408722.35000000003,3660486.2199999997
2017,2017-03-16,N7,2017-n7,100,49.2,28.7,22.2,59.6,30.2,10.1,408722.35000000003,3660486.2199999997
2017,2017-03-16,N7,2017-n7,140,55.8,24.0,20.2,66.2,23.8,10.0,408722.35000000003,3660486.2199999997
2017,2017-03-16,N7,2017-n7,180,60.5,25.4,14.2,68.5,25.7,5.8,408722.35000000003,3660486.2199999997
2017,2017-03-16,N8,2017-n8,20,51.2,18.9,29.9,59.2,23.1,17.7,408735.9799999999,3660446.08
2017,2017-03-16,N8,2017-n8,60,47.8,26.3,25.9,56.7,28.9,14.3,408735.9799999999,3660446.08
2017,2017-03-16,N8,2017-n8,100,47.8,28.3,23.9,56.7,30.4,12.9,408735.9799999999,3660446.08
2017,2017-03-16,N8,2017-n8,140,51.8,25.3,22.9,61.0,27.7,11.3,408735.9799999999,3660446.08
2017,2017-03-16,N8,2017-n8,180,55.2,23.9,20.9,63.4,26.2,10.4,408735.9799999999,3660446.08
2017,2017-03-16,N9,2017-n9,20,50.1,16.4,33.5,58.7,18.1,23.2,408737.22,3660526.1200000006
2017,2017-03-16,N9,2017-n9,60,46.8,19.0,34.2,54.1,23.8,22.1,408737.22,3660526.1200000006
2017,2017-03-16,N9,2017-n9,100,34.1,21.4,44.5,41.4,29.7,28.9,408737.22,3660526.1200000006
2017,2017-03-16,N9,2017-n9,140,52.8,25.0,22.2,62.0,31.2,6.7,408737.22,3660526.1200000006
2017,2017-03-16,N9,2017-n9,180,56.2,21.7,22.2,64.4,26.6,8.9,408737.22,3660526.1200000006
2017,2017-03-16,N10,2017-n10,20,50.8,23.0,26.2,57.4,28.4,14.2,408766.09,3660565.65
2017,2017-03-16,N10,2017-n10,60,57.5,18.3,24.2,65.4,20.6,14.0,408766.09,3660565.65
2017,2017-03-16,N10,2017-n10,100,66.5,11.3,22.2,74.8,12.5,12.7,408766.09,3660565.65
2017,2017-03-16,N10,2017-n10,140,68.8,9.1,22.2,75.9,10.3,13.9,408766.09,3660565.65
2017,2017-03-16,N10,2017-n10,180,60.5,21.3,18.2,68.5,23.2,8.2,408766.09,3660565.65
2017,2017-03-16,N11,2017-n11,20,51.2,20.7,28.2,60.2,22.8,17.0,408764.85,3660485.6
2017,2017-03-16,N11,2017-n11,60,55.2,21.7,23.2,63.4,24.3,12.3,408764.85,3660485.6
2017,2017-03-16,N11,2017-n11,100,53.8,27.0,19.2,61.5,29.8,8.7,408764.85,3660485.6
2017,2017-03-16,N11,2017-n11,140,51.2,24.7,24.2,59.2,29.6,11.1,408764.85,3660485.6
2017,2017-03-16,N11,2017-n11,180,71.2,13.9,14.9,80.0,13.9,6.1,408764.85,3660485.6
2017,2017-03-16,N12,2017-n12,20,53.1,20.0,26.9,62.9,20.7,16.4,408778.48,3660445.46
2017,2017-03-16,N12,2017-n12,60,64.1,17.0,18.9,74.5,14.4,11.2,408778.48,3660445.46
2017,2017-03-16,N12,2017-n12,100,63.2,18.7,18.2,71.7,19.9,8.4,408778.48,3660445.46
2017,2017-03-16,N12,2017-n12,140,55.2,21.7,23.2,63.4,24.3,12.3,408778.48,3660445.46
2017,2017-03-16,N12,2017-n12,180,71.2,14.7,14.2,80.0,13.5,6.6,408778.48,3660445.46
2017,2017-03-16,N13,2017-n13,20,53.2,20.7,26.2,62.3,23.0,14.7,408779.72,3660525.38
2017,2017-03-16,N13,2017-n13,60,56.2,19.7,24.2,65.4,22.2,12.3,408779.72,3660525.38
2017,2017-03-16,N13,2017-n13,100,46.5,25.4,28.2,53.9,30.4,15.7,408779.72,3660525.38
2017,2017-03-16,N14,2017-n14,20,51.8,18.0,30.2,59.4,22.3,18.2,408794.59,3660565.16
2017,2017-03-16,N14,2017-n14,60,55.5,19.3,25.2,64.3,20.6,15.1,408794.59,3660565.16
2017,2017-03-16,N14,2017-n14,100,52.8,24.0,23.2,62.0,26.7,11.3,408794.59,3660565.16
2017,2017-03-16,N14,2017-n14,140,53.8,25.0,21.2,63.1,28.1,8.8,408794.59,3660565.16
2017,2017-03-16,N14,2017-n14,180,58.2,18.7,23.2,66.5,22.6,10.9,408794.59,3660565.16
2017,2017-03-16,N15,2017-n15,20,52.5,22.3,25.2,62.1,24.5,13.3,408793.35,3660485.23
2017,2017-03-16,N15,2017-n15,60,57.2,20.7,22.2,66.5,21.5,12.0,408793.35,3660485.23
2017,2017-03-16,N15,2017-n15,100,57.8,24.0,18.2,67.3,24.5,8.2,408793.35,3660485.23
2017,2017-03-16,N15,2017-n15,140,53.8,25.0,21.2,63.1,27.4,9.5,408793.35,3660485.23
2017,2017-03-16,N15,2017-n15,180,70.8,14.0,15.2,79.0,14.7,6.4,408793.35,3660485.23
2017,2017-03-16,N16,2017-n16,20,57.5,22.3,20.2,67.4,22.6,10.0,408821.11,3660444.71
2017,2017-03-16,N16,2017-n16,60,62.2,18.7,19.2,70.7,19.2,10.1,408821.11,3660444.71
2017,2017-03-16,N16,2017-n16,100,51.8,25.0,23.2,61.0,28.5,10.5,408821.11,3660444.71
2017,2017-03-16,N16,2017-n16,140,58.2,25.7,16.2,69.3,24.1,6.7,408821.11,3660444.71
2017,2017-03-16,N16,2017-n16,180,67.2,16.7,16.2,76.8,16.8,6.4,408821.11,3660444.71
2017,2017-03-16,N17,2017-n17,20,51.1,19.7,29.2,61.1,20.8,18.1,408822.35000000003,3660524.76
2017,2017-03-16,N17,2017-n17,60,56.1,18.7,25.2,66.3,17.2,16.5,408822.35000000003,3660524.76
2017,2017-03-16,N17,2017-n17,100,65.1,18.7,16.2,75.7,15.8,8.6,408822.35000000003,3660524.76
2017,2017-03-16,N17,2017-n17,140,62.1,17.7,20.2,72.5,15.6,11.9,408822.35000000003,3660524.76
2017,2017-03-16,N17,2017-n17,180,65.8,14.1,20.2,75.7,12.7,11.6,408822.35000000003,3660524.76
2017,2017-03-16,N18,2017-n18,20,54.1,19.7,26.2,64.2,19.0,16.8,408837.1,3660564.54
2017,2017-03-16,N18,2017-n18,60,54.8,17.0,28.2,64.4,18.2,17.4,408837.1,3660564.54
2017,2017-03-16,N18,2017-n18,100,59.1,23.7,17.2,68.6,22.8,8.7,408837.1,3660564.54
2017,2017-03-16,N18,2017-n18,140,55.5,21.7,22.9,65.3,22.7,12.0,408837.1,3660564.54
2017,2017-03-16,N18,2017-n18,180,56.8,22.3,20.9,67.5,21.8,10.7,408837.1,3660564.54
2017,2017-03-16,N19,2017-n19,20,53.2,19.7,27.2,63.3,22.3,14.4,408835.9799999999,3660484.61
2017,2017-03-16,N19,2017-n19,60,53.8,16.0,30.2,65.1,17.8,17.1,408835.9799999999,3660484.61
2017,2017-03-16,N19,2017-n19,100,52.8,13.7,33.5,64.9,14.7,20.5,408835.9799999999,3660484.61
2017,2017-03-16,N19,2017-n19,140,58.1,21.0,20.9,69.1,22.9,8.0,408835.9799999999,3660484.61
2017,2017-03-16,N19,2017-n19,180,72.5,9.7,17.9,82.9,11.4,5.7,408835.9799999999,3660484.61
2017,2017-03-16,N20,2017-n20,20,55.5,18.3,26.2,64.3,19.9,15.8,408849.49,3660444.34
2017,2017-03-16,N20,2017-n20,60,61.2,16.7,22.2,71.4,15.7,12.9,408849.49,3660444.34
2017,2017-03-16,N20,2017-n20,100,56.8,15.0,28.2,65.5,18.7,15.8,408849.49,3660444.34
2017,2017-03-16,N20,2017-n20,140,50.5,15.4,34.2,59.1,21.5,19.4,408849.49,3660444.34
2017,2017-03-16,N20,2017-n20,180,63.8,19.0,17.2,75.6,18.7,5.7,408849.49,3660444.34
2017,2017-03-16,N21,2017-n21,20,50.8,23.1,26.2,59.9,26.1,13.9,408850.73,3660524.39
2017,2017-03-16,N21,2017-n21,60,56.1,17.7,26.2,64.5,20.2,15.4,408850.73,3660524.39
2017,2017-03-16,N21,2017-n21,100,63.2,21.7,15.2,72.7,19.9,7.4,408850.73,3660524.39
2017,2017-03-16,N21,2017-n21,140,55.8,20.0,24.2,64.6,22.6,12.9,408850.73,3660524.39
2017,2017-03-16,N21,2017-n21,180,67.8,18.0,14.2,77.9,16.3,5.8,408850.73,3660524.39
2017,2017-03-16,N22,2017-n22,20,51.8,20.3,27.9,63.0,19.8,17.2,408879.1,3660563.9199999995
2017,2017-03-16,N22,2017-n22,60,56.5,13.7,29.9,67.3,14.2,18.5,408879.1,3660563.9199999995
2017,2017-03-16,N22,2017-n22,100,52.1,18.0,29.9,62.4,19.5,18.1,408879.1,3660563.9199999995
2017,2017-03-16,N22,2017-n22,140,38.1,22.1,39.9,49.1,26.5,24.4,408879.1,3660563.9199999995
2017,2017-03-16,N22,2017-n22,180,66.5,17.3,16.2,75.8,17.4,6.8,408879.1,3660563.9199999995
2017,2017-03-16,N23,2017-n23,20,53.8,21.0,25.2,62.4,22.2,15.5,408877.86,3660483.99
2017,2017-03-16,N23,2017-n23,60,53.1,24.7,22.2,62.2,24.7,13.2,408877.86,3660483.99
2017,2017-03-16,N23,2017-n23,100,54.8,24.0,21.2,64.4,24.6,11.0,408877.86,3660483.99
2017,2017-03-16,N24,2017-n24,20,57.2,19.7,23.2,66.5,20.5,13.0,408890.45,3660443.68
2017,2017-03-16,N24,2017-n24,60,58.1,19.7,22.2,68.4,18.4,13.2,408890.45,3660443.68
2017,2017-03-16,N24,2017-n24,100,61.5,20.4,18.2,70.7,20.9,8.4,408890.45,3660443.68
2017,2017-03-16,N24,2017-n24,140,68.5,14.4,17.2,77.9,13.3,8.8,408890.45,3660443.68
2017,2017-03-16,N25,2017-n25,20,50.5,14.7,34.9,60.1,19.1,20.8,408891.6,3660523.7
2017,2017-03-16,N25,2017-n25,60,60.7,8.7,30.6,71.4,9.3,19.2,408891.6,3660523.7
2017,2017-03-16,N25,2017-n25,100,63.5,18.3,18.2,74.7,16.5,8.8,408891.6,3660523.7
2017,2017-03-16,N25,2017-n25,140,56.5,21.3,22.2,67.3,22.4,10.3,408891.6,3660523.7
2017,2017-03-16,N25,2017-n25,180,67.5,12.3,20.2,76.9,13.2,9.9,408891.6,3660523.7
2017,2017-03-16,N26,2017-n26,20,52.5,13.4,34.2,63.2,12.6,24.3,408906.5,3660563.48
2017,2017-03-16,N26,2017-n26,60,56.1,18.7,25.2,67.3,16.5,16.2,408906.5,3660563.48
2017,2017-03-16,N26,2017-n26,100,48.8,21.0,30.2,59.2,24.6,16.3,408906.5,3660563.48
2017,2017-03-16,N26,2017-n26,140,44.1,20.7,35.2,54.7,24.6,20.7,408906.5,3660563.48
2017,2017-03-16,N26,2017-n26,180,72.8,8.1,19.2,83.9,6.2,9.9,408906.5,3660563.48
2017,2017-03-16,N27,2017-n27,20,52.8,12.7,34.5,63.3,13.2,23.5,408905.24,3660483.4599999995
2017,2017-03-16,N27,2017-n27,60,61.8,15.0,23.2,73.5,14.9,11.6,408905.24,3660483.4599999995
2017,2017-03-16,N27,2017-n27,100,56.5,19.3,24.2,67.3,21.9,10.7,408905.24,3660483.4599999995
2017,2017-03-16,N27,2017-n27,140,68.8,11.0,20.2,78.9,11.5,9.6,408905.24,3660483.4599999995
2017,2017-03-16,N27,2017-n27,180,71.1,6.0,22.9,81.9,5.7,12.5,408905.24,3660483.4599999995
2017,2017-03-16,N28,2017-n28,20,55.8,11.7,32.5,64.5,13.0,22.5,408933.33,3660442.99
2017,2017-03-16,N28,2017-n28,60,60.2,14.7,25.2,70.6,15.4,14.0,408933.33,3660442.99
2017,2017-03-16,N28,2017-n28,100,52.5,22.3,25.2,63.1,25.5,11.4,408933.33,3660442.99
2017,2017-03-16,N28,2017-n28,140,65.2,12.7,22.2,75.8,14.3,10.0,408933.33,3660442.99
2017,2017-03-16,N29,2017-n29,20,52.8,14.7,32.5,61.3,16.9,21.8,408934.59,3660523.13
2017,2017-03-16,N29,2017-n29,60,56.4,10.7,32.9,65.4,13.5,21.1,408934.59,3660523.13
2017,2017-03-16,N29,2017-n29,100,59.2,18.7,22.2,67.5,20.9,11.5,408934.59,3660523.13
2017,2017-03-16,N29,2017-n29,140,60.5,17.3,22.2,68.7,20.3,11.0,408934.59,3660523.13
2017,2017-03-16,N29,2017-n29,180,67.2,10.7,22.2,75.8,11.5,12.7,408934.59,3660523.13
2017,2017-03-16,N30,2017-n30,20,55.2,16.7,28.2,63.4,20.5,16.1,408949.38,3660562.91
2017,2017-03-16,N30,2017-n30,60,64.2,8.7,27.2,72.7,9.8,17.5,408949.38,3660562.91
2017,2017-03-16,N30,2017-n30,100,55.4,11.7,32.9,65.2,15.1,19.8,408949.38,3660562.91
2017,2017-03-16,N30,2017-n30,140,44.1,27.3,28.5,52.7,33.2,14.1,408949.38,3660562.91
2017,2017-03-16,N30,2017-n30,180,60.1,17.3,22.5,69.5,18.8,11.7,408949.38,3660562.91
2017,2017-03-16,N31,2017-n31,20,53.1,13.4,33.5,62.4,13.7,23.9,408948.12,3660482.89
2017,2017-03-16,N31,2017-n31,60,57.8,24.0,18.2,68.3,23.2,8.5,408948.12,3660482.89
2017,2017-03-16,N31,2017-n31,100,59.2,14.7,26.2,67.5,19.4,13.1,408948.12,3660482.89
2017,2017-03-16,N31,2017-n31,140,66.8,9.0,24.2,74.9,13.0,12.2,408948.12,3660482.89
2017,2017-03-16,N31,2017-n31,180,62.8,9.7,27.5,71.7,11.6,16.7,408948.12,3660482.89
2017,2017-03-16,N32,2017-n32,20,56.6,13.3,30.2,65.7,13.8,20.6,408961.76,3660442.65
2017,2017-03-16,N32,2017-n32,60,50.8,15.0,34.2,60.4,14.0,25.6,408961.76,3660442.65
2017,2017-03-16,N32,2017-n32,100,53.2,22.7,24.2,62.3,27.2,10.5,408961.76,3660442.65
2017,2017-03-16,N32,2017-n32,140,65.8,15.0,19.2,74.8,16.6,8.6,408961.76,3660442.65
2017,2017-03-16,N32,2017-n32,180,60.8,11.0,28.2,69.7,13.6,16.7,408961.76,3660442.65
2017,2017-03-16,N33,2017-n33,20,57.9,12.3,29.8,66.6,13.5,19.9,408963.02,3660522.67
2017,2017-03-16,N33,2017-n33,60,65.2,9.0,25.8,74.9,9.0,16.1,408963.02,3660522.67
2017,2017-03-16,N33,2017-n33,100,56.5,9.3,34.2,66.3,10.9,22.8,408963.02,3660522.67
2017,2017-03-16,N33,2017-n33,140,61.9,17.9,20.2,71.8,17.9,10.3,408963.02,3660522.67
2017,2017-03-16,N33,2017-n33,180,75.2,8.6,16.2,84.1,8.8,7.1,408963.02,3660522.67
2017,2017-03-16,N34,2017-n34,20,56.9,14.3,28.9,65.8,17.4,16.8,408985.72,3660542.27
2017,2017-03-16,N34,2017-n34,60,55.9,17.3,26.9,64.8,21.9,13.3,408985.72,3660542.27
2017,2017-03-16,N34,2017-n34,100,44.8,19.6,35.5,54.2,24.7,21.1,408985.72,3660542.27
2017,2017-03-16,N34,2017-n34,140,62.8,8.6,28.5,72.7,10.5,16.8,408985.72,3660542.27
2017,2017-03-16,N34,2017-n34,180,66.2,18.0,15.8,75.9,15.8,8.3,408985.72,3660542.27
2017,2017-03-16,N35,2017-n35,20,57.1,14.7,28.2,68.1,15.1,16.8,408984.81,3660482.31
2017,2017-03-16,N35,2017-n35,60,60.8,15.0,24.2,70.6,14.5,14.9,408984.81,3660482.31
2017,2017-03-16,N35,2017-n35,100,68.5,15.4,16.2,78.8,13.7,7.6,408984.81,3660482.31
2017,2017-03-16,N35,2017-n35,140,72.1,13.7,14.2,81.9,12.5,5.6,408984.81,3660482.31
2017,2017-03-16,N35,2017-n35,180,64.8,16.0,19.2,74.8,16.5,8.7,408984.81,3660482.31
2017,2017-03-16,N36,2017-n36,20,57.1,20.0,22.9,68.1,20.2,11.7,408983.89,3660422.3500000006
2017,2017-03-16,N36,2017-n36,60,52.5,19.4,28.2,62.2,23.6,14.2,408983.89,3660422.3500000006
2017,2017-03-16,N36,2017-n36,100,61.8,15.7,22.5,70.7,19.1,10.2,408983.89,3660422.3500000006
2017,2017-03-16,N36,2017-n36,140,49.8,18.1,32.2,58.5,22.8,18.6,408983.89,3660422.3500000006
2017,2017-03-16,N36,2017-n36,180,65.1,15.7,19.2,74.7,15.9,9.4,408983.89,3660422.3500000006
2017,2017-03-16,N37,2017-n37,20,58.8,13.3,27.9,67.6,15.9,16.5,409002.12,3660482.08
2017,2017-03-16,N37,2017-n37,60,53.8,17.3,28.9,62.5,20.0,17.5,409002.12,3660482.08
2017,2017-03-16,N37,2017-n37,100,61.8,16.3,21.9,70.7,19.6,9.7,409002.12,3660482.08
2017,2017-03-16,N37,2017-n37,140,66.8,14.3,18.9,75.9,15.4,8.7,409002.12,3660482.08
2017,2017-03-16,N37,2017-n37,180,73.1,11.7,15.2,82.9,11.5,5.6,409002.12,3660482.08
2017,2017-03-16,N38,2017-n38,20,56.5,15.6,27.9,66.3,17.8,15.8,409003.26,3660562.11
2017,2017-03-16,N38,2017-n38,60,67.5,13.6,18.9,77.8,12.6,9.6,409003.26,3660562.11
2017,2017-03-16,N38,2017-n38,100,71.2,11.9,16.9,81.0,11.7,7.3,409003.26,3660562.11
2017,2017-03-16,N38,2017-n38,140,67.8,15.3,16.9,78.9,13.9,7.3,409003.26,3660562.11
2017,2017-03-16,N38,2017-n38,180,68.8,13.3,17.9,77.9,14.5,7.6,409003.26,3660562.11
2017,2017-03-16,N39,2017-n39,20,53.2,16.9,29.9,62.3,20.5,17.2,409015.53,3660501.92
2017,2017-03-16,N39,2017-n39,60,53.5,17.6,28.9,63.2,20.4,16.5,409015.53,3660501.92
2017,2017-03-16,N39,2017-n39,100,60.2,10.9,28.9,69.6,15.7,14.7,409015.53,3660501.92
2017,2017-03-16,N39,2017-n39,140,66.8,11.3,21.9,76.9,14.1,9.0,409015.53,3660501.92
2017,2017-03-16,N39,2017-n39,180,70.0,11.1,18.9,78.9,13.2,7.9,409015.53,3660501.92
2017,2017-03-16,N40,2017-n40,20,54.5,16.7,28.9,64.3,18.9,16.9,409014.96,3660461.91
2017,2017-03-16,N40,2017-n40,60,52.5,18.7,28.9,62.2,21.7,16.1,409014.96,3660461.91
2017,2017-03-16,N40,2017-n40,100,56.1,19.0,24.9,65.5,22.1,12.4,409014.96,3660461.91
2017,2017-03-16,N40,2017-n40,140,60.5,13.7,25.9,70.5,15.4,14.1,409014.96,3660461.91
2017,2017-03-16,N40,2017-n40,180,75.1,9.0,15.9,85.0,8.2,6.9,409014.96,3660461.91
2017,2017-05-01,P03-1,2017-p03-1,20,51.1,18.7,30.2,61.7,19.9,18.4,408900.2038,3660549.277
2017,2017-05-01,P03-1,2017-p03-1,60,55.8,18.1,26.2,64.6,20.6,14.8,408900.2038,3660549.277
2017,2017-05-01,P03-1,2017-p03-1,100,55.5,20.4,24.2,65.3,22.8,11.9,408900.2038,3660549.277
2017,2017-05-01,P03-1,2017-p03-1,140,44.2,21.7,34.2,54.3,28.2,17.5,408900.2038,3660549.277
2017,2017-05-01,P03-1,2017-p03-1,180,67.8,17.0,15.2,77.9,16.1,6.1,408900.2038,3660549.277
2017,2017-05-01,P03-2,2017-p03-2,20,55.8,13.0,31.2,63.6,16.4,20.1,408899.6195,3660509.274
2017,2017-05-01,P03-2,2017-p03-2,60,57.8,17.0,25.2,67.3,18.0,14.7,408899.6195,3660509.274
2017,2017-05-01,P03-2,2017-p03-2,100,63.2,16.7,20.2,71.7,18.6,9.7,408899.6195,3660509.274
2017,2017-05-01,P03-2,2017-p03-2,140,66.5,18.4,15.2,75.7,17.2,7.1,408899.6195,3660509.274
2017,2017-05-01,P03-2,2017-p03-2,180,64.8,18.0,17.2,74.8,16.3,9.0,408899.6195,3660509.274
2017,2017-05-01,P03-3,2017-p03-3,20,54.8,17.0,28.2,63.4,18.5,18.1,408899.0026,3660469.272
2017,2017-05-01,P03-3,2017-p03-3,60,62.1,15.0,22.9,71.5,16.4,12.0,408899.0026,3660469.272
2017,2017-05-01,P03-3,2017-p03-3,100,38.8,24.0,37.2,47.8,33.0,19.3,408899.0026,3660469.272
2017,2017-05-01,P03-3,2017-p03-3,140,59.2,18.7,22.2,67.5,21.9,10.5,408899.0026,3660469.272
2017,2017-05-01,P03-3,2017-p03-3,180,69.2,13.7,17.2,77.9,13.7,8.4,408899.0026,3660469.272
2017,2017-05-01,P03-4,2017-p03-4,20,53.2,18.7,28.2,61.3,22.3,16.3,408898.3783,3660429.2690000003
2017,2017-05-01,P03-4,2017-p03-4,60,53.2,18.7,28.2,61.3,24.2,14.5,408898.3783,3660429.2690000003
2017,2017-05-01,P03-4,2017-p03-4,100,52.1,20.0,27.9,61.2,25.3,13.5,408898.3783,3660429.2690000003
2017,2017-05-01,P03-4,2017-p03-4,140,65.2,15.0,19.8,73.9,15.2,10.9,408898.3783,3660429.2690000003
2017,2017-05-01,P03-4,2017-p03-4,180,54.8,22.4,22.9,63.4,27.4,9.1,408898.3783,3660429.2690000003
2017,2017-05-01,P04-1,2017-p04-1,20,52.5,18.7,28.9,61.2,20.4,18.4,408885.9904,3660549.494
2017,2017-05-01,P04-1,2017-p04-1,60,54.1,17.4,28.5,62.4,18.8,18.8,408885.9904,3660549.494
2017,2017-05-01,P04-1,2017-p04-1,100,58.5,19.7,21.9,67.4,22.3,10.3,408885.9904,3660549.494
2017,2017-05-01,P04-1,2017-p04-1,140,54.5,22.7,22.9,63.3,25.7,11.0,408885.9904,3660549.494
2017,2017-05-01,P04-1,2017-p04-1,180,59.8,17.3,22.9,70.3,19.6,10.1,408885.9904,3660549.494
2017,2017-05-01,P04-2,2017-p04-2,20,50.5,19.0,30.5,59.1,20.1,20.8,408885.3744,3660509.491
2017,2017-05-01,P04-2,2017-p04-2,60,53.1,22.1,24.9,62.9,22.6,14.5,408885.3744,3660509.491
2017,2017-05-01,P04-2,2017-p04-2,100,60.1,18.1,21.9,69.2,21.8,9.0,408885.3744,3660509.491
2017,2017-05-01,P04-2,2017-p04-2,140,64.4,19.7,15.9,73.6,20.8,5.7,408885.3744,3660509.491
2017,2017-05-01,P04-2,2017-p04-2,180,66.1,18.0,15.9,75.7,17.2,7.1,408885.3744,3660509.491
2017,2017-05-01,P04-3,2017-p04-3,20,54.5,19.0,26.5,62.3,21.1,16.7,408884.80279999995,3660469.488
2017,2017-05-01,P04-3,2017-p04-3,60,64.1,14.1,21.9,74.4,11.7,13.9,408884.80279999995,3660469.488
2017,2017-05-01,P04-3,2017-p04-3,100,64.5,13.7,21.8,71.8,14.7,13.4,408884.80279999995,3660469.488
2017,2017-05-01,P04-3,2017-p04-3,140,61.8,18.7,19.5,70.4,18.3,11.3,408884.80279999995,3660469.488
2017,2017-05-01,P04-3,2017-p04-3,180,71.1,14.4,14.5,77.9,15.0,7.1,408884.80279999995,3660469.488
2017,2017-05-01,P04-4,2017-p04-4,20,54.5,18.0,27.5,62.3,20.0,17.8,408884.1715,3660429.485
2017,2017-05-01,P04-4,2017-p04-4,60,66.5,16.0,17.5,74.7,15.5,9.8,408884.1715,3660429.485
2017,2017-05-01,P04-4,2017-p04-4,100,64.5,16.7,18.9,72.6,19.7,7.7,408884.1715,3660429.485
2017,2017-05-01,P04-4,2017-p04-4,140,63.1,20.0,16.9,71.4,22.9,5.7,408884.1715,3660429.485
2017,2017-05-01,P04-4,2017-p04-4,180,69.5,16.7,13.9,78.8,16.4,4.8,408884.1715,3660429.485
