ID,ObjectId
1,683f26688ac54759b719fcf8
2,683f26688ac54759b719fcf9
3,683f26688ac54759b719fcfa
4,683f26688ac54759b719fcfb
5,683f26688ac54759b719fcfc
6,683f26688ac54759b719fcfd
7,683f26688ac54759b719fcfe
8,683f26688ac54759b719fcff
9,683f26688ac54759b719fd00
10,683f26688ac54759b719fd01
11,683f26688ac54759b719fd02
12,683f26688ac54759b719fd03
13,683f26688ac54759b719fd04
14,683f26688ac54759b719fd05
15,683f26688ac54759b719fd06
16,683f26688ac54759b719fd07
17,683f26688ac54759b719fd08
18,683f26688ac54759b719fd09
19,683f26688ac54759b719fd0a
20,683f26688ac54759b719fd0b
21,683f26688ac54759b719fd0c
22,683f26688ac54759b719fd0d
23,683f26688ac54759b719fd0e
24,683f26688ac54759b719fd0f
25,683f26688ac54759b719fd10
26,683f26688ac54759b719fd11
27,683f26688ac54759b719fd12
28,683f26688ac54759b719fd13
29,683f26688ac54759b719fd14
30,683f26688ac54759b719fd15
31,683f26688ac54759b719fd16
32,683f26688ac54759b719fd17
